h_mean,s_mean,v_mean,mask_meanb,mask_meang,mask_meany,mask_meanrd,mask_meanrl,mask_stdb,mask_stdg,mask_stdy,mask_stdrd,mask_stdrl
0.2902085262647474,0.7028923501944454,0.5743655394100496,0.011535503716995642,0.012618663974685019,0.6521686767716739,0.16241357848167276,0.028858427215716742,0.11177406223421217,0.2014302717346273,0.9876267953138583,0.7088984135393451,0.1988266707175641
0.42393222483405063,0.7266468348270638,0.745442652958461,0.0004024709601861765,0.015181223428005668,0.6629733496206321,0.1081972176897068,0.1372995171763139,0.0,0.22069266929755513,0.9843919786426619,0.5950583084126055,0.4268934512969002
0.3735529536605061,0.8173234951431155,0.5749025051244083,0.0004024709601861765,0.018772689328492943,0.6609431722381846,0.15876326812118358,0.11543370886286697,0.0,0.24504113827577897,0.9850290571153237,0.7022464189435017,0.3926563621494929
0.2948925689864432,0.6180424128234381,0.6048652463343802,0.017431427839015638,3.0479688138189406e-05,0.7995113810367669,0.00043736437498948644,8.713242775327569e-05,0.1369078849339362,0.0,0.9083578580544495,0.04051329204496972,0.0
0.3768095063644288,0.6906951210921655,0.4776894278353135,0.08203024865419123,0.0,0.8962028800991002,0.01238077615354854,0.027637493756590265,0.294917414737434,0.007857573808780228,0.8076154838819813,0.21084416347333318,0.19461457741478808
0.33380673398252225,0.8507463254553861,0.6840217645030336,0.0004024709601861765,0.021412902098580884,0.6726941142060802,0.18801621612528807,0.09861812531217048,0.0,0.26141881592691335,0.9811526838347989,0.7522699861068504,0.36380544322767466
0.30851275752396073,0.6347618033587277,0.4605309819162665,0.0017944116893104333,3.0479688138189406e-05,0.8088708428677116,2.6410739241446577e-05,8.713242775327569e-05,0.046529919224945704,0.0,0.9005289392614908,0.0,0.0
0.35481994093747904,0.5659562236701157,0.7333948923582115,0.19200205075621635,0.0,0.959465271923335,0.02027015661008966,0.010544425328819579,0.4493960308802282,0.007857573808780228,0.7122502321869867,0.26875646605580056,0.12065564005850347
0.3080672134986721,0.5073643112713564,0.4829300066821796,0.06485516534221994,3.0479688138189406e-05,0.8271768490958828,2.6410739241446577e-05,8.713242775327569e-05,0.2624566407972594,0.0,0.8841156018062019,0.0,0.0
0.27990392379982487,0.7846116476161713,0.3841674463448695,0.0023071007433991286,0.009454291316417852,0.6473685116047003,0.2048547445623833,0.02974637882235418,0.052040798794109076,0.17460737924028255,0.9889413680957668,0.7779701973247084,0.20183307292568453
0.24309892632149718,0.8139078467204998,0.5242173982869816,0.0023071007433991286,0.008056531614606588,0.5972678629802316,0.28425320032970547,0.027526499805760586,0.052040798794109076,0.1612958602103897,0.9982334001178095,0.8749438619600944,0.19422698815093786
0.353497399130679,0.579913946873449,0.7461790786092262,0.20533196616252242,0.00011647997515093863,0.9831564096829138,0.01899170689858193,0.01004495255008602,0.4645330744533461,0.020919365662767656,0.6682363071765425,0.26030155457377413,0.11778468998509412
0.29110131486503954,0.5854824618578504,0.33299890731825027,0.004614201486798257,1.9413329191823105e-05,0.764172530667722,2.6410739241446577e-05,8.713242775327569e-05,0.07179106986261063,0.011145208188531496,0.9346734483384351,0.0,0.0
0.3678245304782237,0.7823520648135178,0.4998724162940833,0.0004024709601861765,0.015297703403156608,0.6642293068148581,0.12444698639123926,0.08679726954880959,0.0,0.22152665840784033,0.9839910484617692,0.6329424638945419,0.3418833812834962
0.3243380731702814,0.692478448258412,0.3490475516292806,0.0,0.0158801032789113,0.6118232025187963,0.11773512540582368,0.06509795216160719,0.016344542881075577,0.22564808975556738,0.996360073557199,0.6177469760940139,0.2970032539980278
0.3883470073726118,0.3561259413578872,0.9167224873686697,0.02537810817739041,0.00712469181339908,0.6467835452402664,0.061769307113899774,0.018036517009822964,0.16481244091425076,0.15175638947076606,0.9890964369149661,0.4599992580481001,0.15749420140146442
0.3775531324611619,0.698032227009249,0.4562107992609656,0.0963855421686747,0.0,0.8960136262753127,0.014668528268878161,0.022698262944669517,0.31948523542914625,0.007857573808780228,0.8078605036087037,0.2292406841376419,0.1765199891377674
0.28135667912764717,0.7293733619097511,0.6533698810604638,0.0161497052037939,0.013414610471549767,0.7171515579030676,0.16384342355375375,0.007159109828514346,0.1318531028937468,0.20761328977601,0.9622695839472614,0.7114702805400573,0.09957225506391529
0.3585101338186864,0.7345608399977005,0.485132490039911,0.0004024709601861765,0.015802449962144006,0.6765652151471878,0.10639729506955775,0.0048282368610910705,0.0,0.22510314595962608,0.9797752349323706,0.5906220805843638,0.08193415986341313
0.3650630806769937,0.8522073177544895,0.6861832145495969,0.0004024709601861765,0.02038399565141426,0.6725564750615075,0.1848873786734402,0.12925245574116212,0.0,0.25516962153142625,0.9812007395047786,0.7472595872349396,0.4146731782179374
0.2773822515083876,0.7497060445277158,0.6024728140726322,0.005639579594975647,0.012075090757313972,0.6660530254804466,0.18539202987535117,0.02957988789610966,0.07900154788963493,0.19709162630826232,0.9833995996020161,0.7480728993276977,0.20127290478051735
0.31621357543978645,0.44484243970491905,0.8269435047393474,0.00640861317610869,0.007105278484207256,0.7483440290418595,0.06806062543105623,0.007048115877684666,0.08400450339018853,0.15155111348821393,0.9448755425064289,0.4813930173376393,0.09880417947843959
0.3267181139640397,0.7053075541010048,0.6156189630420303,0.0007690335811330429,0.012443944011958611,0.7228119677236206,0.13810621225629552,0.011265886009212498,0.0328540816333217,0.2000463759345986,0.9593735904399036,0.6621003823656588,0.12468466211410795
0.31510360234734164,0.5809641869040226,0.6801184368101953,0.00640861317610869,0.010269651142474422,0.6229719732291864,0.12661698655945633,0.0301903546256729,0.08400450339018853,0.18191073098531724,0.9944695463756813,0.6377281183188815,0.2033190602074339
0.3041003168852926,0.6471163538995556,0.5507349718215284,0.005895924122019995,3.0479688138189406e-05,0.8382740051270582,2.6410739241446577e-05,8.713242775327569e-05,0.08070364804903536,0.0,0.8734282247969245,0.0,0.0
0.3291892556353788,0.5082877549186228,0.36541794057887406,0.0004024709601861765,0.01087146434742094,0.4791046573645545,0.08525240970948912,0.08213552361396304,0.0,0.18711281128152474,0.9886650012566823,0.5342712796128309,0.3327976503051728
0.3101671494608286,0.48306450502853726,0.4772388766438121,0.039220712637785184,3.0479688138189406e-05,0.8008533626963509,2.6410739241446577e-05,8.713242775327569e-05,0.20448230764994968,0.0,0.9072581354606579,0.0,0.0
0.2735781217962858,0.7679749257318119,0.6123433634869293,0.00640861317610869,0.012657490633068666,0.6863892090910655,0.19190203038000236,0.024918141961263112,0.08400450339018853,0.20173646302241494,0.9760540156059718,0.7583873516547749,0.18487771884767057
0.2796920838924903,0.8208664257589363,0.5690524049732373,0.0004024709601861765,0.0166372231173924,0.7182526710596494,0.19524955001934496,0.007159109828514346,0.0,0.23089043276450735,0.9617151254454389,0.7635658104719064,0.09957225506391529
0.3373684138924223,0.484228019733598,0.7291755266462442,0.20610099974365548,3.882665838364621e-05,0.8524336321249764,0.015711474086160783,0.005549697541483989,0.46539061251072705,0.013667840352533881,0.8589437809224677,0.23713028196458893,0.08777526921409688
0.37653280263225664,0.7753555926030585,0.482217222740498,0.0004024709601861765,0.015977169924870416,0.6405381690552793,0.13980520463606239,0.12164937010932904,0.0,0.22632732948521767,0.990682770596062,0.6655733476575246,0.4027306972555988
0.27754599015235953,0.5869108239254898,0.31328362414900035,0.0028197897974878237,3.0479688138189406e-05,0.7138826282194656,0.0,8.713242775327569e-05,0.0570227862267136,0.0,0.9638904376309303,0.007734991478879531,0.0
0.2710440597854975,0.742849647504435,0.6310847169394476,0.013586259933350423,0.014967676806895614,0.6797137105792888,0.19151513112520396,0.011709861812531218,0.12111057025311686,0.21915503957256965,0.9786179502372951,0.7577834170417856,0.12709986743795576
0.3868850204891947,0.4341045025671005,0.7392653732930754,0.023840041015124328,0.007610025043194657,0.6233504808767614,0.05170992648914159,0.003940285254453633,0.15979387360702474,0.15679902664034026,0.9943983956751008,0.4229136590991973,0.0741129188441138
0.3724422517610407,0.808269537047458,0.7261273766371544,0.0004024709601861765,0.017355516297489857,0.7158095762434836,0.13168032028529614,0.1131028358954437,0.0,0.23575051085872437,0.962939542055159,0.6486644700068736,0.3888014963283487
0.38924246826531295,0.9128065156823484,0.7161234010256153,0.0004024709601861765,0.018656209353342005,0.6886946647626585,0.18122024660622066,0.17187413285975914,0.0,0.2442916388109413,0.97513356225776,0.7412887561137376,0.47525397066048614
0.38287536719727056,0.7606092379990785,0.7493905466316407,0.0010253781081773904,0.01725844965153074,0.7010305730949882,0.11371473749726647,0.12181586103557356,0.036751262591400866,0.2350999397628192,0.9699006859715034,0.6083465115116051,0.4029965831461791
0.28967746888236956,0.5712881492343231,0.2504097216881702,0.0004024709601861765,3.0479688138189406e-05,0.755742133062643,2.6410739241446577e-05,8.713242775327569e-05,0.0,0.0,0.9402253178782506,0.0,0.0
0.2788296622513918,0.7355389372584614,0.6263128961175151,0.008459369392463471,0.013453437129933412,0.689933417063813,0.1777549750197655,0.010766413230478939,0.09608074013356277,0.20790999997097553,0.9746315443103344,0.7355467621537124,0.1219096844385389
0.3835286212234435,0.7961825867919624,0.6004268551336612,0.0004024709601861765,0.015355943390732077,0.6659325912289455,0.14207613504466163,0.12348077029801875,0.0,0.2219424197355915,0.9834389966783349,0.6701651887913631,0.4056444338250356
0.2661015335071457,0.8344209267471546,0.5760500791182023,0.0,0.01632660985032323,0.7074479982106912,0.2110787760526183,0.008324546312225983,0.016344542881075577,0.22875502981635124,0.9669714415264984,0.7869573007119034,0.10730327780883267
0.4314080843161701,0.39860135330443847,0.9950091536893159,0.05972827480133299,0.00794005163945565,0.5957538323899317,0.05379581812370683,0.007547588656418225,0.2519438228873033,0.16013524785372582,0.9983897219087965,0.43092952686513464,0.10221475805129349
0.3081605007973149,0.4772194832440118,0.4743246963195294,0.05229428351704691,3.0479688138189406e-05,0.792336940625914,2.6410739241446577e-05,8.713242775327569e-05,0.23585748025558334,0.0,0.9141095527222826,0.0,0.0
0.35652996514358953,0.5928064509076953,0.7658443609224832,0.2143040246090746,3.0479688138189406e-05,0.9917588562187086,0.024172792571534308,0.007603085631833065,0.47443637792279497,0.0,0.6508479945503831,0.2929480687131124,0.10258666134296039
0.2879307613895532,0.6550674425590522,0.638604954378295,0.01281722635221738,0.0,0.7668220842007467,0.0012448062980469998,8.713242775327569e-05,0.1176963479640734,0.007857573808780228,0.9328722438591177,0.06754965765104454,0.0
0.38202630701821727,0.722727644445452,0.8543575610125934,0.0004024709601861765,0.01782143619809361,0.7184419248834368,0.11366427237707538,0.006659637049780787,0.0,0.2388471950308916,0.9616193961618223,0.6082270349688504,0.09606722910732354
0.30981562154120335,0.4548632404653735,0.8216597186310527,0.005639579594975647,0.0076682650307701265,0.7556044939180703,0.07246791259441183,0.005549697541483989,0.07900154788963493,0.15739303585576553,0.9403137156067239,0.4956741209189618,0.08777526921409688
0.25526077201070085,0.8145257159420947,0.5213037614502639,0.0030761343245321714,0.012987517229329658,0.6343616124425787,0.2570525005467055,0.04001331927409956,0.059357511564666794,0.2043198112846711,0.9921274711215868,0.8457468083838917,0.23371179626285618
0.39202019475667077,0.747212301354357,0.6988766383772331,0.0004024709601861765,0.015414183378307546,0.6682208420074669,0.11314279946843407,0.0976746767301182,0.0,0.2223573650615841,0.9826822404730414,0.6069902584605125,0.36210989492833434
0.30430001000894974,0.5085267733883054,0.49596908860124506,0.04896180466547039,3.0479688138189406e-05,0.833250176350154,2.6410739241446577e-05,8.713242775327569e-05,0.2282739802883942,0.0,0.8783373033146825,0.0,0.0
0.36702721559763635,0.7885754515400578,0.45466158795653294,0.0004024709601861765,0.01644308982547417,0.6384735818866886,0.1343381499486938,0.09922859204173373,0.0,0.22955825852719736,0.9911793883415919,0.6542803826587448,0.3648978726080479
0.3406048029354403,0.8140820095688356,0.6738971346520335,0.0004024709601861765,0.01861738269495836,0.7062264508026083,0.14855249213585212,0.07259004384261057,0.0,0.24404126279549862,0.9675400227836718,0.6829544355574969,0.3132908498665349
0.3366075393628672,0.4675916217225038,0.7359606971532393,0.01281722635221738,0.008328318223292112,0.7263905854825112,0.08232543273840563,0.011432376935457018,0.1176963479640734,0.16397120694699216,0.9574838451864339,0.5257750425204658,0.12559587282796195
0.38094475739957767,0.7892644109433538,0.6383997878224545,0.0004024709601861765,0.016578983129816934,0.6901914904598868,0.12523760660756642,0.10300238636994284,0.0,0.23049163244871107,0.9745263010670848,0.6346930804208069,0.3715713598651953
0.2958638258092916,0.6223295232342632,0.37577463962018914,0.006152268649064343,0.009920211217021607,0.6151953615608279,0.13102427372281192,0.007436594705588545,0.08237060385507267,0.1788183962445776,0.9958300569204256,0.6472652386590337,0.10146683120441512
0.30166245740122966,0.6691677509673689,0.664177946524628,0.003845167905665214,3.0479688138189406e-05,0.8272800784543124,0.000487829495180581,8.713242775327569e-05,0.06586786818137037,0.0,0.8840187993867349,0.04270802280831169,0.0
0.29435665289059443,0.8102976314338436,0.6182627583026558,0.004101512432709562,0.012036264098930325,0.755071142232851,0.19477854223089475,0.04356512570064931,0.0678996262719719,0.19677791760977004,0.9406555797989752,0.7628422312008095,0.24373364903152345
0.341482772459646,0.6597999596777785,0.4976680307298739,0.09536016406049731,1.9413329191823105e-05,0.8549455465134285,0.007737985095967837,0.013430268050391254,0.31779471123856595,0.011145208188531496,0.8562717220837139,0.16709326729989496,0.13604950346733394
0.37501542641527036,0.8132069849747096,0.708448269630703,0.0004024709601861765,0.014637650210634621,0.7176160900160006,0.13770249129476678,0.11005050224762751,0.0,0.21675620187200256,0.9620361943246942,0.6612703286881565,0.38368679154699725
0.38838952111548286,0.9104857208325811,0.6903313833905309,0.0004024709601861765,0.02119935547747083,0.6971938819400237,0.18798257271182733,0.14900937898884511,0.0,0.2601350087846316,0.9715840291830785,0.7522165161751801,0.4439770766285434
0.2787487646721,0.8285542054538638,0.5659058837148571,0.0004024709601861765,0.01607423657082953,0.6966433253617329,0.20894241929786195,0.009434485820522781,0.0,0.22700443169279116,0.9718214356730994,0.7839024860344417,0.11417670972169616
0.31717098492924256,0.7212981488213847,0.4298016514956642,0.0004024709601861765,0.01374463706781076,0.6927894293136968,0.13277373122276986,0.007603085631833065,0.0,0.2101213938280736,0.973454227230091,0.6509850035941199,0.10258666134296039
0.3390577885662811,0.7118846104330915,0.708930614844765,0.0010253781081773904,0.015899516608103122,0.6590678388933813,0.11793698588658805,0.07508740773627837,0.036751262591400866,0.22578410962804557,0.9856054879929704,0.6182129287306429,0.3185202316591164
0.3878618648325347,0.8341350276223412,0.6943559088103954,0.0004024709601861765,0.015957756595678593,0.7024757841130017,0.1456759802849597,0.13308174704478606,0.0,0.22619165315617387,0.9692534532553753,0.6773289864553363,0.4205399024404892
0.29435835344030925,0.6751479088717793,0.7087841449459596,0.004614201486798257,3.0479688138189406e-05,0.8393235036044251,0.0006896899759449593,8.713242775327569e-05,0.07179106986261063,0.0,0.8723877157207394,0.050542548517206576,0.0
0.28264302351908843,0.7735551001537588,0.6350997313269222,0.009484747500640862,0.01574420997456854,0.6924453314522651,0.19859706965868756,0.01021144347633054,0.10158180458810404,0.22469352618952557,0.9735975448038244,0.7686614016209118,0.11874946854205222
0.3982558676253232,0.7679175191955636,0.6740313760806231,0.10228146629069469,1.9413329191823105e-05,0.9790272353457323,0.01747775329284909,0.038736888839558246,0.329033400242506,0.011145208188531496,0.6763016848031085,0.24989178895264286,0.22999851487540254
0.36994560184397896,0.6830670150463423,0.693872476621203,0.10151243270956165,3.0479688138189406e-05,0.9065946355143403,0.01106868302858008,0.027526499805760586,0.32780413249259077,0.0,0.7938277581576356,0.19949066712822755,0.19422698815093786
0.35786756896214966,0.7464755706444511,0.40880292244133526,0.0005126890540886952,0.015705383316184894,0.6261376735543589,0.12782814944404258,0.11188190243631722,0.028430480981808795,0.22442000971745238,0.9938603437215393,0.6403731073010799,0.38676482538740264
0.29749951169929617,0.464141966607047,0.7079710875485097,0.0066649577031530375,3.0479688138189406e-05,0.627514065000086,0.0008915504567093377,8.713242775327569e-05,0.08560723575334384,0.0,0.9935854574832612,0.05731510729460381,0.0
0.3457385195888751,0.4072414823355473,0.7136192820692311,0.007433991284286081,0.007163518471782726,0.6822256249677409,0.06240853196965364,0.005827182418558188,0.09024484539671668,0.1521660921624943,0.9776707897154001,0.4622310076689492,0.08992038966541539
0.3634082028687788,0.7281766501950122,0.4954084811778028,0.09715457574980774,3.0479688138189406e-05,0.9138723052836226,0.010311706225713662,0.014262722681613852,0.3207471483359731,0.0,0.7837693716763352,0.19262317657698122,0.14017224439851367
0.3128768539635927,0.4740934584887588,0.4390211028069231,0.05075621635478082,3.0479688138189406e-05,0.7758374481702596,2.6410739241446577e-05,8.713242775327569e-05,0.2323885099791692,0.0,0.926538700988474,0.0,0.0
0.32198621291465473,0.6163868536602942,0.9052872372543335,0.07639066905921559,0.0033585059501853973,0.7318273316931335,0.08015543257018858,0.0022198790165935955,0.2846741022231619,0.10448165795192421,0.9545249453255992,0.5193513654674423,0.05591845396780881
0.39669209069468914,0.7354532727798285,0.5645656433792209,0.10740835683158165,1.9413329191823105e-05,0.9351891677993222,0.015173179470789106,0.033020700371829734,0.3371112061647767,0.011145208188531496,0.7522617858866396,0.23309348611434919,0.21253998289046927
0.4193222774927872,0.42771828855650496,0.698633971179398,0.008459369392463471,0.008871891440663159,0.5649226640056432,0.0954127205746295,0.01515067428825129,0.09608074013356277,0.16919175898899738,1.0,0.5623805462083052,0.14443826335225182
0.40044253162293664,0.9023011195489093,0.685084282692883,0.0004024709601861765,0.019393915862631284,0.7092717168762797,0.16762830756808586,0.15866585271102726,0.0,0.2489980356370997,0.9661129072098777,0.7181884864916794,0.45749999514576944
0.31474915919963387,0.4478219927760068,0.5382641061518173,0.06331709817995386,3.0479688138189406e-05,0.7417201452092975,0.00011775194711255404,8.713242775327569e-05,0.2593481889706617,0.0,0.9488657969487436,0.022020103672316563,0.0
0.35600692463843886,0.7712832911353459,0.5357347150236539,0.0,0.017530236260216263,0.6415532577465031,0.14776187191952495,0.09761917975470337,0.016344542881075577,0.23691678296490878,0.9904335431550935,0.6814168703147941,0.36200988050809757
0.29597436154075635,0.6332591933450521,0.4416771265377641,0.009997436554729556,0.011842130807012095,0.6125630129208747,0.13790435177553115,0.027360008879516066,0.10422344461509687,0.19520151956961132,0.9962468939255811,0.6616855870232133,0.19364410510974625
0.29043639992653625,0.7823725497975387,0.3701451954204651,0.003845167905665214,0.00993962454621343,0.6518073740171705,0.19356737934630847,0.031244797158554858,0.06586786818137037,0.17899163920027772,0.9877283570461548,0.7609740333209242,0.20680406113559266
0.3503846643454973,0.544362216621014,0.6780569884756179,0.16508587541655986,1.9413329191823105e-05,0.926311442974382,0.01698992379766851,0.007270103779344026,0.4170784021227199,0.011145208188531496,0.7657680690199676,0.24643738977236437,0.10033440970050428
0.3748281230109642,0.4720539475697765,0.8938207366050016,0.003845167905665214,0.0097454912542952,0.6630937838721332,0.06555419112823187,0.018535989788556525,0.06586786818137037,0.17725134966000788,0.9843537589338885,0.4730188013499069,0.15964358049692806
0.3693880644731843,0.8953975179972326,0.6437153679533101,0.0004024709601861765,0.018927995962027527,0.6871118146000723,0.17107675744781065,0.12703257672456852,0.0,0.24603670170622324,0.9757674528694406,0.7241985844910326,0.4112276745379601
0.35942600130796565,0.8349447107852226,0.632661917853485,0.0,0.020112209042728736,0.6889699430518039,0.1513280737463623,0.09073755480326322,0.016344542881075577,0.253491400400981,0.9750224530052912,0.6883014127947635,0.3493604320118666
0.3600122050882391,0.7306314476082364,0.7130668269592659,0.0004024709601861765,0.016578983129816934,0.658069955095229,0.12192373038168453,0.101559465009157,0.0,0.23049163244871107,0.9859075000835806,0.627300781106765,0.36903570708453415
0.2813639671978536,0.435393275257459,0.34742823042894483,0.0010253781081773904,3.0479688138189406e-05,0.6087435266589818,2.6410739241446577e-05,8.713242775327569e-05,0.036751262591400866,0.0,0.996812513620296,0.0,0.0
0.3080103665510617,0.4866250867373088,0.7722387638701423,0.0053832350679313,0.008464211527634874,0.763794023020147,0.08489915386815146,0.005827182418558188,0.07726198566814499,0.16529222347588396,0.9349285513313115,0.5332558596512486,0.08992038966541539
0.3026043190075786,0.597051295857418,0.6603330437450424,0.011022814662906947,0.010153171167323484,0.6392650069679817,0.1315121032179925,0.01576114101781453,0.10931521775964703,0.1808860153771944,0.9909906472729157,0.6483061889280025,0.14729836567820137
0.3481472267921122,0.8780349151573498,0.6711881208835913,0.0,0.02331540835937955,0.6939077473633501,0.1777549750197655,0.09384538542649426,0.016344542881075577,0.27257086110526246,0.9729856549155992,0.7355467621537124,0.3551351310020785
0.47789091022166424,0.3885953697458647,0.9243862055247142,0.011279159189951295,0.007590611714002834,0.5492490064174251,0.08605985163254663,0.03057883345357678,0.11055148484508184,0.15660051084935792,0.999671150218999,0.5365821504422784,0.20461015065781707
0.3607186620269192,0.5711314755423056,0.7203976589816619,0.22737759548833633,0.0,0.9549059752593637,0.02445876158595051,0.009101503968033742,0.4884890822445252,0.007857573808780228,0.72013081897756,0.29463596595493563,0.11215931988574523
0.25870851508970644,0.8098056679440768,0.5434679995880364,0.004101512432709562,0.012036264098930325,0.6435662302358791,0.25193870170067456,0.033131694322659416,0.0678996262719719,0.19677791760977004,0.9899294397031785,0.8398206011707215,0.2128931624520945
0.29192219450596113,0.6403186589055837,0.6501114013636646,0.0015380671622660857,0.012618663974685019,0.6737264077903756,0.13376621191986138,0.02131083855929852,0.04351438210328228,0.2014302717346273,0.9807902539990933,0.6530789790401397,0.17108376756911742
0.3098792706876731,0.750558317024965,0.5908318539148903,0.001281722635221738,0.014676476869018268,0.7459353440118369,0.13766884788130604,0.007547588656418225,0.04027450270194392,0.21703986010378604,0.9463453698991564,0.6612010738912465,0.10221475805129349
0.37716224896242173,0.8798888466953996,0.6972537845077239,0.0004024709601861765,0.021471142086156355,0.7055726648658879,0.17551768802462697,0.12869748598701372,0.0,0.26176777564428116,0.9678422036495719,0.7317869276047596,0.41381491455848746
0.32924367322625375,0.8524136250243917,0.6795994061854863,0.0004024709601861765,0.017918502844052726,0.7455052216850472,0.14316954598213535,0.003163327598645874,0.0,0.23948700841507783,0.9466055695788292,0.6723558874773116,0.06651650023517218
0.30006539828331935,0.6653635355948864,0.7524566317303801,0.004101512432709562,3.0479688138189406e-05,0.8360201641346799,2.6410739241446577e-05,8.713242775327569e-05,0.0678996262719719,0.0,0.8756452058866062,0.0,0.0
0.39725594439299605,0.7788714798012389,0.713508682349725,0.132017431427839,3.0479688138189406e-05,1.0,0.018470233989940618,0.036572506798379485,0.3733995264323675,0.0,0.6333980735657987,0.2567669236176601,0.22355490827342236
0.3685769022592046,0.8761162089662694,0.7207128817694434,0.0,0.01855914270738289,0.7419438088192282,0.150806600837721,0.1150452300349631,0.016344542881075577,0.2436651869665124,0.9487337086504704,0.6873028171578931,0.3920168812657932
0.8235069902310707,0.48541938753946196,0.8182493341597967,0.1814919251473981,0.3788122925200443,0.21528482700480017,2.6410739241446577e-05,8.713242775327569e-05,0.4370736076085868,0.9290787085655452,0.7860820127926975,0.0,0.0
0.6423644346060895,0.3925994958912628,0.2915810786978147,0.6539348884901307,0.11164605618217469,0.34862274830961926,2.6410739241446577e-05,8.713242775327569e-05,0.8174958886071895,0.574877868056923,0.9243270026702824,0.0,0.0
0.7598644030244519,0.6326517690362584,0.4883820021918853,0.5388361958472186,0.1784667352604298,0.1867419093990331,2.6410739241446577e-05,8.713242775327569e-05,0.7447298871105796,0.7055912651583751,0.7434853001820616,0.0,0.0
0.7621739924728811,0.670936908678265,0.4308663436357742,0.8687516021532941,0.3016248956533556,0.2825043442355006,2.6410739241446577e-05,8.713242775327569e-05,0.9359393432611415,0.8641073266399895,0.8666677470184257,0.0,0.0
0.7031258047244187,0.5718296653336583,0.5970705476751368,0.5426813637528839,0.24812176040069112,0.2938079589835349,2.6410739241446577e-05,8.713242775327569e-05,0.7472933218730297,0.8050409622543558,0.8779049754673163,0.0,0.0
0.9273588325094575,0.6431500399578641,0.715239146757132,0.3981030504998718,0.4940109879443226,0.006899162121707414,2.6410739241446577e-05,8.713242775327569e-05,0.6429254716090038,0.9902228322530052,0.15609312836765935,0.0,0.0
0.7725602213241161,0.6692841834061913,0.442482031621737,0.6690592155857472,0.16656636446584225,0.16798857595100047,2.6410739241446577e-05,8.713242775327569e-05,0.8265062284402255,0.6853592014316646,0.7121599931137536,0.0,0.0
0.836897361621411,0.508606446211533,0.454843656290855,0.013586259933350423,0.524023994874881,0.023192195860502727,2.6410739241446577e-05,8.713242775327569e-05,0.12111057025311686,1.0,0.28391910198160225,0.0,0.0
0.8156448630280085,0.43168031117743316,0.4991631650215751,0.4416816200974109,0.23956048222709714,0.08922457546926346,2.6410739241446577e-05,8.713242775327569e-05,0.6762877956050916,0.7943298403148336,0.5399022491362473,0.0,0.0
0.6966083264744495,0.5522573561739555,0.538474164095744,0.6367598051781594,0.23074683077400943,0.31701735973710926,2.6410739241446577e-05,8.713242775327569e-05,0.8071201266643814,0.7829005643265591,0.8991381807797029,0.0,0.0
0.8228321149299519,0.5252188776010059,0.6328002354388133,0.024865419123301716,0.40913591271767197,0.1626206493126645,2.6410739241446577e-05,8.713242775327569e-05,0.16315682239984217,0.9490218684030951,0.702646735635555,0.0,0.0
0.7148629988562588,0.542610224193171,0.5894554716561724,0.49500128172263524,0.17112849682592068,0.1804449185348313,2.6410739241446577e-05,8.713242775327569e-05,0.7147649457231939,0.6932467544896839,0.7332844599104676,0.0,0.0
0.7502145121997437,0.4587307730611934,0.5218026830350628,0.30530633170981797,0.2575178117295335,0.18261273506185158,2.6410739241446577e-05,8.713242775327569e-05,0.5646545846565643,0.816371279933639,0.7368312759859783,0.0,0.0
0.8018801277647294,0.47425701448766083,0.472468686284575,0.3963086388105614,0.25887674477296113,0.10281644099581921,2.6410739241446577e-05,8.713242775327569e-05,0.6415105318478687,0.8179741878514383,0.5757596545153888,0.0,0.0
0.6534996341388757,0.5103997324806829,0.35480036750629157,0.5854908997692899,0.20805264894876824,0.28286564699000394,2.6410739241446577e-05,8.713242775327569e-05,0.7751792112045633,0.7514607118306249,0.8670363545146168,0.0,0.0
0.7642294712067781,0.43858626081028235,0.3226786219437996,0.3311971289412971,0.2424724816058706,0.14292104674569447,2.6410739241446577e-05,8.713242775327569e-05,0.5876352727336193,0.7980155009386477,0.6654055220390253,0.0,0.0
0.6728718106190098,0.5176209727371582,0.32381288049224755,0.5908741348372212,0.2137601677311642,0.292379952858593,2.6410739241446577e-05,8.713242775327569e-05,0.7786046047399332,0.7596530090386224,0.8765186185310944,0.0,0.0
0.9067578873925131,0.6370253536088794,0.7504856740753986,0.3370930530633171,0.5031352526644794,0.006176556612700652,2.6410739241446577e-05,8.713242775327569e-05,0.5927339949965867,0.9934500664135846,0.1477575495768315,0.0,0.0
0.7296602107321206,0.5990839244695159,0.2886014081219325,0.5662650602409639,0.1566267399196288,0.15283106515493006,2.6410739241446577e-05,8.713242775327569e-05,0.7628005113455382,0.6675766603454615,0.6846162558816133,0.0,0.0
0.61402574535094,0.4047904904331886,0.11822457830120461,0.550884388618303,0.09147560715187047,0.3411214149304062,2.6410739241446577e-05,8.713242775327569e-05,0.7527286582955759,0.524868572869575,0.9187208045829357,0.0,0.0
0.7461164303226477,0.6954127400406946,0.4875526401674811,0.5501153550371699,0.3202034516899303,0.31469469917244464,2.6410739241446577e-05,8.713242775327569e-05,0.75222100401052,0.8817600800803559,0.8971209957532386,0.0,0.0
0.7070579615364807,0.5997038178990179,0.08268511118532736,0.7152012304537299,0.15260818077692143,0.13424978063761334,2.6410739241446577e-05,8.713242775327569e-05,0.8533030487618949,0.6601429605284937,0.6477380479255582,0.0,0.0
0.6530859146868219,0.4017125608578107,0.25901666251351585,0.6300948474750064,0.13810642387062957,0.3221616227655145,2.6410739241446577e-05,8.713242775327569e-05,0.8030513538507776,0.6320494473302928,0.9035229599286949,0.0,0.0
0.7845593001120419,0.6627502831866863,0.4299331754864282,0.687259677005896,0.17376870959600862,0.1410801231870344,2.6410739241446577e-05,8.713242775327569e-05,0.8371977299464752,0.6977359879250691,0.6617240240017542,0.0,0.0
0.7598991428257694,0.6896280396518039,0.376494217156435,0.7331453473468341,0.2913164178524975,0.2843968824733754,2.6410739241446577e-05,8.713242775327569e-05,0.8634573871347281,0.853710490417969,0.8685915631691845,0.0,0.0
0.6515099909725104,0.4108266784124704,0.4305486751539496,0.5419123301717508,0.12251752052959562,0.3571047605939129,2.6410739241446577e-05,8.713242775327569e-05,0.7467814389483579,0.599388616444911,0.9303962257661174,0.0,0.0
0.7856167990990002,0.4461169619716109,0.477958454180058,0.3499102794155345,0.24645221409019433,0.15119660031312906,2.6410739241446577e-05,8.713242775327569e-05,0.6036570916242857,0.8029816593176092,0.681516332713189,0.0,0.0
0.7097015875360395,0.5516123625664041,0.48924533218911087,0.7380158933606767,0.21234299470016113,0.2956144727560518,2.6410739241446577e-05,8.713242775327569e-05,0.8661889692789496,0.7576373674386352,0.879645219869545,0.0,0.0
0.8044627769102275,0.4305120193417114,0.5040771078417918,0.389387336580364,0.23002853759391198,0.1031433339641794,2.6410739241446577e-05,8.713242775327569e-05,0.6360204281957246,0.7819505764189131,0.5765821777505297,0.0,0.0
0.7795132832367583,0.459266783315021,0.8516482755003686,0.02999230966418867,0.3769680262468211,0.18345577482235947,2.6410739241446577e-05,8.713242775327569e-05,0.17902178716288705,0.927770406426236,0.7382005822423705,0.0,0.0
0.6688364061456895,0.521071761409043,0.31384912296052897,0.5821584209177134,0.22663120498534295,0.27138998331125375,2.6410739241446577e-05,8.713242775327569e-05,0.7730499361317762,0.7774187274933051,0.8550164255675163,0.0,0.0
0.7994619460702239,0.4353612118042089,0.9690684922051654,0.2143040246090746,0.34747917920444177,0.20193382998124668,2.6410739241446577e-05,8.713242775327569e-05,0.47443637792279497,0.9052943157324832,0.7668682599470927,0.0,0.0
0.7064212271361091,0.5653116349041457,0.5399951140467893,0.5237118687516021,0.2355030964260061,0.2715964420281128,2.6410739241446577e-05,8.713242775327569e-05,0.7345479161200672,0.7891200932743926,0.8552384482702617,0.0,0.0
0.7327530247920714,0.615170952454595,0.4386344114043257,0.6339400153806716,0.17499174933509348,0.19589491251311872,2.6410739241446577e-05,8.713242775327569e-05,0.8054016567934823,0.6997971903344169,0.7577745107045004,0.0,0.0
0.6774227245916008,0.5216812908940602,0.5991113434822389,0.5503716995642143,0.25243151948127585,0.2889733840304182,2.6410739241446577e-05,8.713242775327569e-05,0.7523902656826518,0.8102920938391985,0.8731728448620961,0.0,0.0
0.8329115160254946,0.4871151069874847,0.8210319904933155,0.2009741092027685,0.379608239016909,0.2005574385355195,2.6410739241446577e-05,8.713242775327569e-05,0.4596419463477274,0.9296398927372571,0.764818324149748,0.0,0.0
0.8135684918261863,0.487125308995337,0.8506232579525138,0.17405793386311202,0.3731436003960319,0.21881183008447602,2.6410739241446577e-05,8.713242775327569e-05,0.42813388490311133,0.9250216170248848,0.7909615034091916,0.0,0.0
0.7521640709799734,0.5177011313702835,0.20658587361685812,0.747756985388362,0.11310205587156141,0.2554582523269618,2.6410739241446577e-05,8.713242775327569e-05,0.8716212902135643,0.5782510432616962,0.8372232397403798,0.0,0.0
0.7266451360877056,0.607142781957992,0.22633675522162472,0.6472699307869777,0.16192657878899652,0.1717220377475354,2.6410739241446577e-05,8.713242775327569e-05,0.8134879085331769,0.6771627904199111,0.7186279650904965,0.0,0.0
0.6509369057186086,0.49288272306163877,0.4288418524556263,0.48295308895155087,0.19246374560773427,0.2542711147050221,2.6410739241446577e-05,8.713242775327569e-05,0.7062761685598613,0.7280347075377431,0.8358439858146862,0.0,0.0
0.7762300076087453,0.6620223780232557,0.4316294001772313,0.6900794668033837,0.16555687134786745,0.1512482149923438,2.6410739241446577e-05,8.713242775327569e-05,0.8388397348807854,0.6835910826863855,0.6816146291369932,0.0,0.0
0.9311632051572328,0.6912248967856388,0.6644744189914121,0.39733401691873876,0.5163363165149192,0.0072088501969960255,2.6410739241446577e-05,8.713242775327569e-05,0.6423194892628729,0.9977241557632949,0.15952916198673744,0.0,0.0
0.6920768473557424,0.5193016320783514,0.5468066437006938,0.5003845167905665,0.215429714041661,0.26841353680986874,2.6410739241446577e-05,8.713242775327569e-05,0.7185212641511494,0.7620121365933318,0.8517916702303762,0.0,0.0
0.6766778838165,0.5205739682005035,0.5256291072374337,0.646757241732889,0.2012191570732465,0.3023759957331865,2.6410739241446577e-05,8.713242775327569e-05,0.8131786411165407,0.7413858253106572,0.886025513410853,0.0,0.0
0.7999655517214908,0.436165146216634,0.9691994727083643,0.20174314278390157,0.3479450991050455,0.20267364038332503,2.6410739241446577e-05,8.713242775327569e-05,0.4605090497349005,0.9056728124028408,0.7679646324610196,0.0,0.0
0.8409641047966191,0.5016942620183296,0.8054102556647029,0.20712637785183285,0.3968861019976316,0.19613578101612097,2.6410739241446577e-05,8.713242775327569e-05,0.4665314207407023,0.9413163200627428,0.7581422107467968,0.0,0.0
0.744825470153409,0.5146921058320668,0.21840183677057515,0.7285311458600359,0.11677117508881599,0.2638542401458975,2.6410739241446577e-05,8.713242775327569e-05,0.8608599701353582,0.5866245664864649,0.8467643742677932,0.0,0.0
0.7577751562319317,0.6803441315378879,0.4260450654454139,0.820815175596001,0.30923492069655023,0.28498184883780947,2.6410739241446577e-05,8.713242775327569e-05,0.9111222527435942,0.8715035189288539,0.869182712663823,0.0,0.0
0.7926738374799214,0.4515428917510289,0.7557420140616538,0.1350935657523712,0.35604045737803575,0.20200264955353303,2.6410739241446577e-05,8.713242775327569e-05,0.3776834711568154,0.9121272313483156,0.7669704089154771,0.0,0.0
0.6395371492373277,0.45088502418118764,0.6476222283153217,0.49782107152012306,0.22270971248859467,0.28482700480016515,2.6410739241446577e-05,8.713242775327569e-05,0.7167353148556938,0.7721072114309885,0.8690263916190333,0.0,0.0
0.918468358600263,0.8118910878983945,0.5253448632408653,0.46757241732889004,1.0,0.008309963353577757,0.0,8.713242775327569e-05,0.6952696817129996,0.8332637485813613,0.17117451625120111,0.007734991478879531,0.0
0.8089522281574106,0.44598660298238696,0.46335847597390933,0.4047680082030249,0.25499407893459647,0.12865819038934673,2.6410739241446577e-05,8.713242775327569e-05,0.648151174012695,0.8133707083554653,0.6358878958746528,0.0,0.0
0.6773561602170485,0.5241523629388584,0.3374780600863547,0.5852345552422455,0.23571664304711615,0.2824699344493574,2.6410739241446577e-05,8.713242775327569e-05,0.7750156606556327,0.7893964736261149,0.8666326086479678,0.0,0.0
0.8822012207031724,0.7662098164367301,0.4485481680800514,0.4944885926685465,0.9508648638154957,0.008292758460506169,2.6410739241446577e-05,8.713242775327569e-05,0.7144060373948858,0.8828218591461509,0.17099882547859627,0.0,0.0
0.718534485690603,0.5591564234999202,0.5293365076630387,0.772109715457575,0.21094523499834986,0.3023759957331865,2.6410739241446577e-05,8.713242775327569e-05,0.8850265728601566,0.7556374311578142,0.886025513410853,0.0,0.0
0.7972556042830531,0.4796252948258817,0.4446983739123795,0.3458087669828249,0.27479567471025607,0.16475405605354163,2.6410739241446577e-05,8.713242775327569e-05,0.6001852086451303,0.8361030322982727,0.7064583510127795,0.0,0.0
0.8483294285472738,0.5253108576083093,0.9631947503449108,0.32017431427839016,0.44077963930034364,0.004731345594687129,0.00037007754806802696,8.713242775327569e-05,0.5779720649914508,0.9668128651512589,0.12944940718012163,0.03738717590273816,0.0
0.6911240536440837,0.510474466236617,0.6377715161971523,0.48218405537041786,0.221467259420318,0.27644822187430107,2.6410739241446577e-05,8.713242775327569e-05,0.7057304239054432,0.770406096444204,0.8603946179578091,0.0,0.0
0.7843032459121214,0.6711541466708663,0.3195853624668031,0.9295052550628045,0.17572945584438276,0.12654198854154122,2.6410739241446577e-05,8.713242775327569e-05,0.9662607745231051,0.7010348942475584,0.6313044144639904,0.0,0.0
0.6455420332161088,0.38503033477969734,0.444832071853404,0.605485772878749,0.1540059404787327,0.339160057120245,2.6410739241446577e-05,8.713242775327569e-05,0.7878153123173688,0.6627451000788842,0.917217479484946,0.0,0.0
0.6789226094400915,0.4511165125974555,0.11535143128808999,0.5065367854396309,0.09823144571062492,0.26760490683550403,2.6410739241446577e-05,8.713242775327569e-05,0.7227871946920004,0.5423456519490327,0.8509078107778364,0.0,0.0
0.84290005917913,0.4856738709575556,0.8329023024035466,0.24865419123301719,0.3872570907184873,0.1873784904426819,2.6410739241446577e-05,8.713242775327569e-05,0.5104878062613265,0.9349274645855128,0.7444994278254737,0.0,0.0
0.7810092811144722,0.6812317062210387,0.39234340153105884,0.7890284542425019,0.16646929781988312,0.12420212308380503,2.6410739241446577e-05,8.713242775327569e-05,0.894196733245155,0.6851895530877062,0.6261712558070355,0.0,0.0
0.6640437711779174,0.41801455972263496,0.42838369243821295,0.7164829530889516,0.12911805245481547,0.3676685649398689,2.6410739241446577e-05,8.713242775327569e-05,0.8540331530870394,0.6135532096149086,0.9375625926597294,0.0,0.0
0.8358012358623584,0.50390461608468,0.8181813982141543,0.19507818508074853,0.3930422628176506,0.21681606248817165,2.6410739241446577e-05,8.713242775327569e-05,0.4529362843246436,0.9388013513449176,0.7882102354744439,0.0,0.0
0.836191390554078,0.49927922004840286,0.7836248283598334,0.20123045372981288,0.39129506319038654,0.2026908452763966,2.6410739241446577e-05,8.713242775327569e-05,0.4599311714229835,0.9376426679476074,0.7679900841948369,0.0,0.0
0.7184778816786661,0.578838039886612,0.5499871329318953,0.4947449371955909,0.17250684319854012,0.19465616021196427,2.6410739241446577e-05,8.713242775327569e-05,0.7145855169967364,0.6955972011665124,0.7558768420015581,0.0,0.0
0.6537933433681962,0.42182185189113647,0.0,0.5093565752371186,0.0953582729902351,0.24558264370386937,2.6410739241446577e-05,8.713242775327569e-05,0.7247329184242896,0.5350092303237746,0.8255158120355922,0.0,0.0
0.8227359124032265,0.4911278967427256,0.8389950697525528,0.1809792360933094,0.3800935722467046,0.22008499217177366,2.6410739241446577e-05,8.713242775327569e-05,0.4364632085525571,0.9299810592980282,0.7927033745898723,0.0,0.0
0.689848155486605,0.5397502613252408,0.5661094198080021,0.5808766982824917,0.24814117372988292,0.3024276104124013,2.6410739241446577e-05,8.713242775327569e-05,0.772229178884103,0.8050648247211933,0.8860734168881105,0.0,0.0
0.971087010812581,0.7782789536626423,0.831256893800084,0.47475006408613174,0.9823726970938246,0.006314195757273369,0.0012784497115077295,8.713242775327569e-05,0.7004302206139146,0.8522061573445834,0.14938197241778375,0.0684443862940668,0.0
0.7803822641410426,0.7086381048232017,0.26585400782676444,1.0,0.17423462949661236,0.12184505273299727,2.6410739241446577e-05,8.713242775327569e-05,1.0,0.6985225689824287,0.6209294087640568,0.0,0.0
0.7056802733317851,0.5565579882936008,0.46593270482619675,0.6431684183542682,0.23000912426472014,0.2963026684789154,2.6410739241446577e-05,8.713242775327569e-05,0.8110098934072798,0.7819248616964817,0.8803041970022051,0.0,0.0
0.8065391481120497,0.4488624356403096,0.4766554427426339,0.4204050243527301,0.23692026945700917,0.12778074084269567,2.6410739241446577e-05,8.713242775327569e-05,0.660232473303517,0.7909496976196319,0.6339941459684764,0.0,0.0
0.7702518465540547,0.6822749829764115,0.41668756829260933,0.7531402204562933,0.11999378773465862,0.15265901622421416,2.6410739241446577e-05,8.713242775327569e-05,0.8746059440978491,0.5938340332822117,0.6842911878645983,0.0,0.0
0.6271318820032281,0.41464846390958754,0.13599200203699138,0.5260189694950013,0.10042515190930093,0.34841628959276016,2.6410739241446577e-05,8.713242775327569e-05,0.7361114705478446,0.5478551138374,0.9241757225961541,0.0,0.0
0.9616385136612446,0.639594073443121,0.7082795167417268,0.4921814919251474,0.4824018170876124,0.00941107651015949,2.6410739241446577e-05,8.713242775327569e-05,0.7127884252422763,0.9857900942160825,0.18205594118534205,0.0,0.0
0.7531943611714941,0.4634020781328059,0.5310993095805716,0.3127403229941041,0.26159461085981633,0.1435748326824149,2.6410739241446577e-05,8.713242775327569e-05,0.571355176898659,0.8211534107702203,0.6667042301170679,0.0,0.0
0.8427878228979505,0.48269358917162125,0.8303753569694263,0.24045116636759806,0.3838985847683019,0.18130516318841078,2.6410739241446577e-05,8.713242775327569e-05,0.5021272649265667,0.9326291587689799,0.7346963842170444,0.0,0.0
0.7362877388422074,0.6651008743768476,0.3409998595084644,0.6613688797744168,0.28337636621304185,0.2851366928754538,2.6410739241446577e-05,8.713242775327569e-05,0.8219392414441044,0.8453967048297355,0.8693389188206938,0.0,0.0
0.7938353129351585,0.6670365839143485,0.416107395316822,0.737503204306588,0.17066257692531692,0.13486915678819056,2.6410739241446577e-05,8.713242775327569e-05,0.8659019216747893,0.6924488507822847,0.6490280468850068,0.0,0.0
0.6558825901607165,0.41235722249526535,0.3277759918172512,0.6982824916688029,0.11828541476577818,0.33637286444264747,2.6410739241446577e-05,8.713242775327569e-05,0.8435949161061398,0.5900287083956235,0.9150541724087871,0.0,0.0
0.6649040063979539,0.4402712114722388,0.7211835420008549,0.4324532171238144,0.19582225155791966,0.24350085164220706,2.6410739241446577e-05,8.713242775327569e-05,0.6693765787357059,0.7332163552739066,0.8229790342737071,0.0,0.0
0.7704862794790293,0.4858049586616261,0.5042608066388093,0.03332478851576519,0.3763079730542991,0.18156323658448462,2.6410739241446577e-05,8.713242775327569e-05,0.18861568739139953,0.9272994502334306,0.7351188151082715,0.0,0.0
0.8678842926539168,0.5296383712089622,0.7336049503021383,0.016406049730838246,0.5211119954961076,0.037730330505995904,2.6410739241446577e-05,8.713242775327569e-05,0.1328794864125447,0.999156297712467,0.3597117056964003,0.0,0.0
0.6975171488291958,0.552090561442402,0.5452291710428738,0.6413740066649577,0.23245520374288986,0.3131462587960016,2.6410739241446577e-05,8.713242775327569e-05,0.809922964873689,0.7851486442867152,0.8957631547105114,0.0,0.0
0.7839735822031156,0.4791712245081377,0.4534104795815798,0.31043322225070497,0.25738191842519076,0.12440858180066411,2.6410739241446577e-05,8.713242775327569e-05,0.569284777777184,0.816210498645057,0.626626978608502,0.0,0.0
0.823095943071426,0.5154545034982361,0.42276783542761737,0.014611638041527814,0.5051930655588127,0.028095590385905752,2.6410739241446577e-05,8.713242775327569e-05,0.1255182121700526,0.9941469459216757,0.31178776724905566,0.0,0.0
0.7581240118591478,0.4754104081531856,0.3784624573735909,0.27710843373493976,0.2565665585991342,0.13853379901243915,2.6410739241446577e-05,8.713242775327569e-05,0.5384223281796146,0.8152439318327023,0.6565710749005761,0.0,0.0
0.8691572755833128,0.5244812562396208,0.739775164629177,0.02230197385285824,0.5196948224651046,0.03945081981315486,2.6410739241446577e-05,8.713242775327569e-05,0.15461170123729492,0.9987376042258881,0.367529236027208,0.0,0.0
0.6976092214494708,0.5496202990807667,0.5691814832699581,0.4937195590874135,0.2243404321407078,0.2639918792904702,2.6410739241446577e-05,8.713242775327569e-05,0.7138672929532787,0.7743265377845076,0.8469177090300359,0.0,0.0
0.6774079055155143,0.4322584249557306,0.3860057930339568,0.5078185080748526,0.10444371105200831,0.2761213289059409,2.6410739241446577e-05,8.713242775327569e-05,0.7236723491423039,0.5577494865332628,0.8600508933172947,0.0,0.0
0.7133687015282597,0.6381137297164247,0.24017231816740342,0.5652396821327864,0.27679524761701385,0.2742459955611376,2.6410739241446577e-05,8.713242775327569e-05,0.7621338056923191,0.8382979780953926,0.8580687668419871,0.0,0.0
0.7782735824946384,0.6530848523664204,0.4435532456126287,0.6849525762624968,0.1861932402787754,0.1535708755570084,2.6410739241446577e-05,8.713242775327569e-05,0.8358514248073762,0.7181530626939876,0.6860107462936934,0.0,0.0
0.6830493577266663,0.4240883979689907,0.4347881499058272,0.9020763906690592,0.0897284075246064,0.35156478502486105,2.6410739241446577e-05,8.713242775327569e-05,0.9527211929644726,0.5202166918518724,0.9264643303423168,0.0,0.0
0.6797964490578469,0.4548310150754908,0.07966332032314684,0.5757498077416047,0.10052221855526004,0.248197787450751,2.6410739241446577e-05,8.713242775327569e-05,0.7689360390899939,0.5480970987362307,0.828668185040886,0.0,0.0
0.6928095413471658,0.5325904760208283,0.5744307579178666,0.6095872853114586,0.24602512084797423,0.3177571701391876,2.6410739241446577e-05,8.713242775327569e-05,0.7903784120997209,0.8024525890556138,0.8997757805753603,0.0,0.0
0.6682528746578251,0.45863401592322905,0.3370606616363269,0.6429120738272238,0.09289278018287356,0.37976360476919635,2.6410739241446577e-05,8.713242775327569e-05,0.8108547224742122,0.5286008837675826,0.9452450241852682,0.0,0.0
0.7418827903397115,0.6226152604224441,0.3335258185126539,0.5857472442963343,0.14523111568402866,0.15778607435954786,2.6410739241446577e-05,8.713242775327569e-05,0.7753427218980488,0.6461081627994811,0.6938552800137656,0.0,0.0
0.8822121528084822,0.6017484298219263,0.697008399872063,0.3381184311714945,0.47651957834249,0.005729229392839323,2.6410739241446577e-05,8.713242775327569e-05,0.5936158818079964,0.9834030332460071,0.14234739132077792,0.0,0.0
0.1614543198335599,0.23784645330435747,0.7860841095920935,0.0004024709601861765,3.0479688138189406e-05,0.00032689296836020166,0.5210355442663213,0.013818746878295133,0.0,0.0,0.034857608153739186,0.998550246061813,0.13798900585713647
0.13737332119302795,0.8287886087295181,0.1964172212730816,0.0004024709601861765,0.0,0.0,0.7997039379615456,0.2209334591264776,0.0,0.007857573808780228,0.007734632314773289,0.8926416562954459,0.534993228260578
0.41322362034401633,0.06656316216901165,0.5971998977156402,0.1814919251473981,0.000737706509289278,0.008275553567434578,0.17397009100543342,0.1559465009157001,0.4370736076085868,0.04947410456280717,0.17082294864136283,0.7291615763466067,0.4537404614053931
0.30538447485567194,0.01785432342470068,0.5093242085394397,0.17687772366059984,0.001106559763933917,0.0006537859367204033,0.22329133513886318,0.0013874243853709972,0.431547560382918,0.06034237993980668,0.04870002079628748,0.8038388184964792,0.04451693083342182
0.6723990577982837,0.2407243101701873,0.8327362669523962,0.09407844142527556,0.0028343460620061734,0.0009634740120090154,0.26707823775800293,0.676619124257728,0.31566853529399885,0.09604720184329549,0.058883739399009365,0.8569549462506214,0.8715474835789807
0.36814326208191983,0.1106299254038902,0.42474613016472834,0.10356318892591643,0.001455999689386733,0.007914250812931197,0.2164953656197958,0.10699816859981132,0.3310717911079357,0.0690761229989768,0.16708550854486948,0.7945652130091,0.3784936607321902
0.10995632988332285,0.8413604782312634,0.4205321993284124,0.0004024709601861765,3.882665838364621e-05,2.7012356824084692e-05,0.8451730112537218,0.21288639769132583,0.0,0.013667840352533881,0.0,0.8459393154470141,0.5257789923568218
0.19104291312911836,0.8357920442151782,0.31392195029425773,0.0004024709601861765,3.0479688138189406e-05,0.0,0.7994516123605901,0.27132471280315223,0.0,0.0,0.007734632314773289,0.8928727448087521,0.5884797284113787
0.9953643014773405,0.21959255123877475,0.87265678733087,0.3693924634709049,0.010036691192172546,0.00022366360993066427,0.15131125203963194,0.9008269049336811,0.6198596576569444,0.17985527186081335,0.02915249375445921,0.6882692429442027,0.966801749095006
0.23374128711206818,0.19274556273384663,0.9011173289107939,0.38913099205331964,0.0022907728446351265,0.0006193761505772241,0.4550103453496392,0.02514012986292247,0.6358160893031002,0.08642759462841325,0.04743355666200868,0.9847039007051195,0.18569226022087099
0.3880292475116099,0.1051369538585856,0.4721159628547989,0.16124070751089464,0.0035138125837199823,0.018994201951034875,0.20017831009134188,0.11299184194461402,0.412245843279561,0.10685181104003247,0.2574431485765462,0.7710400193640828,0.38861684549486736
0.23736127158361991,0.19976502994613177,0.7965005922655741,0.0004024709601861765,3.0479688138189406e-05,0.0007914250812931198,0.3894729759281377,0.00016649092624451968,0.0,0.0,0.053466469765870384,0.9560339974731165,0.01741052944355599
0.16709139920258795,0.31280975441499986,0.7133529731623123,0.07357087926172776,0.0003106132670691697,0.0004817370060045077,0.49603848806499906,0.002552860869082635,0.27940904354310664,0.032642474549615705,0.041987242733829803,0.9950286388496684,0.059873860552496314
0.7123320950092267,0.1852198816081279,0.9693307249553457,0.3896436811074084,0.0021160528819087186,0.0009462691189374258,0.22287079247060407,0.615239469448915,0.6362246949410771,0.08309772439551104,0.05836468499409335,0.8032735576377713,0.8396482035098619
0.24099000173941942,0.1854686972440814,0.8980759724962682,0.0004024709601861765,3.0479688138189406e-05,0.001049498477366963,0.3850488670580517,0.0005549697541483989,0.0,0.0,0.06141309890597327,0.953533481447651,0.028928371526144532
0.9597688807176126,0.22217600730658085,0.7013084734874537,0.16816200974109202,0.004523305701694784,0.00018925382378748515,0.15152993422712668,0.902935789999445,0.42090291777876765,0.12112098811251454,0.02698455920344003,0.6886872283078492,0.9675596685172239
0.1409347581672544,0.3554810287186521,0.4387387610168326,0.0004024709601861765,3.0479688138189406e-05,0.00012043425150112692,0.5231382576076169,0.00011099395082967979,0.0,0.0,0.022019081197905774,0.9987520102892717,0.015066308404317278
0.35519187545368236,0.35601104731707434,0.6734503878734881,0.07152012304537299,3.0479688138189406e-05,0.00013763914457271648,0.4245125910474877,0.24352072812031744,0.275515612938465,0.0,0.0233593416498181,0.9732764795720449,0.5598130851286437
0.11542991354405249,0.8341857137883375,0.13782301164394933,0.0004024709601861765,3.0479688138189406e-05,0.0,0.8244150251484516,0.20683722737110827,0.0,0.0,0.007734632314773289,0.8685448206576993,0.5187135306499501
0.1101842035451117,0.8397722037389549,0.42971904138576283,0.0004024709601861765,3.0479688138189406e-05,2.7012356824084692e-05,0.8428516157249315,0.22298684721682668,0.0,0.0,0.0,0.8485802441669302,0.5373118290209384
0.702464290885345,0.2210498999636452,0.7747292956373981,0.09330940784414253,9.706664595911552e-05,0.0005505565782908659,0.2384645146096523,0.6759531605527499,0.3143857727335154,0.019361806561066574,0.044793273242112526,0.8235013460955393,0.8712164462211959
0.36844620286683527,0.09111210792104942,0.27522862483787086,0.0035888233786208665,3.0479688138189406e-05,0.01132081964110593,0.19543458879337897,0.09517731283645041,0.06377151373961229,0.0,0.1994814040427596,0.7638496246758673,0.35757832668061584
0.32473600180355444,0.23981114949908952,0.7139787990935714,0.0004024709601861765,1.9413329191823105e-05,0.0015828501625862396,0.3496223526839033,0.10350185914867639,0.0,0.011145208188531496,0.07521517541059475,0.9307756606645374,0.37244457085998267
0.13583189434436035,0.8752370549880126,0.3414514976750961,0.0004024709601861765,3.0479688138189406e-05,0.0,0.8498158023113025,0.22853654475831067,0.0,0.0,0.007734632314773289,0.8405692623643253,0.5435141186843446
0.19805476547475948,0.21585699699850452,0.8209431302764151,0.1722635221738016,0.0009706664595911553,0.0005161467921476868,0.4808316651807492,0.02597258449414507,0.4259466923852949,0.05658204991602242,0.04341293710590684,0.9918661793778334,0.18871461369595577
0.28107535961767754,0.4790649940771677,0.6491670917192333,0.0004024709601861765,0.0011259730931257401,0.0010839082635101423,0.5257792655642841,0.23197735723403073,0.0,0.06086056842789832,0.0623960717571313,0.9989847273809169,0.5473135318313432
0.3671134577617462,0.1885204740532982,0.7446048668767971,0.0004024709601861765,3.0479688138189406e-05,0.003406568828174733,0.29071273571416556,0.15827737388312338,0.0,0.0,0.10997185372177345,0.8813294917155762,0.45696518792621144
0.40022364658106907,0.06655903278488094,0.4382789705367239,0.10997180210202512,0.00048533322979557765,0.003440978614317912,0.17566908338520026,0.12803152228203563,0.3410765827248229,0.04038482999867771,0.11052179490699363,0.7320426716013518,0.41278226965805853
0.36947187728055864,0.11612394953730655,0.9876419080000555,0.0004024709601861765,3.0479688138189406e-05,0.0020129724893759786,0.2511985466045385,0.09978356179588213,0.0,0.0,0.08471743199632462,0.8389508928008284,0.3658878254186397
0.16306401160649475,0.34882519021481706,0.5163944382743509,0.0007690335811330429,3.0479688138189406e-05,0.00010322935842953736,0.5040624421753831,0.002552860869082635,0.0328540816333217,0.0,0.020592056224657856,0.9963854145698083,0.059873860552496314
0.3187520102926986,0.46602399415084883,0.5707472709451276,0.0004024709601861765,0.0002911999378773466,0.000430122326789739,0.4860127508537016,0.26843887008158057,0.0,0.03166571495011829,0.03975295921310447,0.9930308848774568,0.5855928965258397
0.40218632388767045,0.316764166014197,0.43897110195093014,0.06972571135606255,3.0479688138189406e-05,2.7012356824084692e-05,0.36688142378925764,0.2718796825573006,0.27206238453086246,0.0,0.0,0.9424792208215397,0.5890326519404128
0.23565343379857134,0.4953066715463572,0.5329841244564785,0.0004024709601861765,3.0479688138189406e-05,3.440978614317912e-05,0.5401954682322069,0.15910982851434596,0.0,0.0,0.01345399002752501,0.9998493734032249,0.45811028607976706
0.30232858701810067,0.4058053473095443,0.45881220249151006,0.0004024709601861765,1.9413329191823105e-05,0.0002924831822170225,0.4537991824650529,0.22015650147066984,0.0,0.011145208188531496,0.033065311377985455,0.984311925133553,0.5341125149504764
0.2910607446075569,0.3712742226839216,0.6751675368355491,0.0640861317610869,3.0479688138189406e-05,0.0006021712575056346,0.45808871768129594,0.1840834674510239,0.2609071129504411,0.0,0.04678746260425157,0.9856774210003806,0.4909749554764397
0.043242792827372825,0.985174944192588,0.38884877648720617,0.0004024709601861765,3.0479688138189406e-05,0.00010322935842953736,0.9851800763705486,0.18413896442643876,0.0,0.0,0.020592056224657856,0.616540628517508,0.4910450028011904
0.3436854702117136,0.16399079876053702,0.9503975203923328,0.0004024709601861765,3.0479688138189406e-05,0.00156564526951465,0.29764327888707587,0.08907264554081802,0.0,0.0,0.07480984912287533,0.8879576941483703,0.3462228847495753
0.3039348776916058,0.0,0.4371637340530558,0.0015380671622660857,3.0479688138189406e-05,0.0004817370060045077,0.21313102427372282,0.0006104667295632388,0.04351438210328228,0.0,0.041987242733829803,0.7898628106824169,0.03021837315783828
0.6821677441673574,0.24706914937115956,0.8292728924435391,0.10689566777749294,0.0002523732794937004,0.0004989418990760972,0.2673810284791495,0.6965980354070703,0.33631237475130754,0.029615870808512,0.04270603971771835,0.8572851634843962,0.8813320647419072
0.9846928661453591,0.205098008098451,0.9128577472929563,0.5242245578056909,0.013162237192056066,0.00022366360993066427,0.14009117365047857,0.8829013818746878,0.7348956996891216,0.20567378878451564,0.02915249375445921,0.6661547236842857,0.9602643742930755
0.3668649345677057,0.06905633856415647,0.23436596876522614,0.010253781081773904,3.0479688138189406e-05,0.011578893037179775,0.18056420004373644,0.0854098451634386,0.10551944772406108,0.0,0.20171645955041842,0.7402091952829121,0.3392072648113449
0.20657014670399454,0.2870885493797422,0.5889617132032423,0.1471417585234555,3.0479688138189406e-05,0.00020645871685907473,0.4789980991471395,0.0013874243853709972,0.3939995972097026,0.0,0.02808940760308303,0.9914323147633184,0.04451693083342182
0.29536945171361967,0.018310984728565866,0.41742589614985254,0.05665214047680082,0.001824852944031372,0.00044732721986132855,0.2188335828553165,0.0011099395082967978,0.2454169641062187,0.07722763699133546,0.040511410863798676,0.7977895512770322,0.04000075737667832
0.34081518522873366,0.17071586517479845,0.8901524672840867,0.0004024709601861765,0.0,0.00156564526951465,0.2932528134304507,0.06687385537488207,0.0,0.007857573808780228,0.07480984912287533,0.883785299649846,0.30095011050343945
0.18887398343567405,0.22778589710060557,0.8600356473493975,0.23071007433991284,0.00023295995030187726,0.00032689296836020166,0.5026325971033021,0.027526499805760586,0.49200345916864624,0.028535886969645412,0.034857608153739186,0.996159354925927,0.19422698815093786
0.2132899903700299,0.4928894434318907,0.5968879358532496,0.0004024709601861765,3.0479688138189406e-05,8.60244653579478e-05,0.5457634531599576,0.14196126311116045,0.0,0.0,0.019058867068136708,1.0,0.43378947625481934
0.4603716041236873,0.331267777605945,0.4446597862952545,0.059215585747244295,3.0479688138189406e-05,0.00046453211293291815,0.35310444597708884,0.36483711637715743,0.25086796364192127,0.0,0.041255925363550175,0.9332333354225851,0.672844059586644
0.15373333825682964,0.36585647070444866,0.517544457962188,0.0004024709601861765,3.0479688138189406e-05,8.60244653579478e-05,0.5284875603478729,0.001054442532881958,0.0,0.0,0.019058867068136708,0.9991994533550569,0.03903492373687229
0.31525689475735097,0.01794946119633926,0.642530565061304,0.22327608305562677,0.002795519403622527,0.0005505565782908659,0.22182784665332145,0.005272212664409789,0.48412669423949906,0.09539249798471441,0.044793273242112526,0.8018668585126393,0.08557610870983495
0.3221069519444085,0.1985353641266636,0.8995735524820127,0.0004024709601861765,3.0479688138189406e-05,0.002030177382447568,0.32743452150655206,0.09700871302514014,0.0,0.0,0.08507532764809293,0.913935238772074,0.3609076795245061
0.3820085727140482,0.021978930424735497,0.3446564438467289,0.0004024709601861765,3.0479688138189406e-05,0.0042324036956110315,0.15190001177519472,0.10666518674732227,0.0,0.0,0.12248291594458666,0.6893934907029668,0.37792225591229855
0.34826043481598595,0.14057030843260723,0.7477603556800021,0.0004024709601861765,3.0479688138189406e-05,0.004249608588682621,0.256985213719784,0.10400133192740996,0.0,0.0,0.1227298247363651,0.8456697624486865,0.3733154864513768
0.11850693678522252,0.7917280339030534,0.45338629438493105,0.017431427839015638,3.0479688138189406e-05,3.440978614317912e-05,0.802815953706663,0.1680448415561352,0.1369078849339362,0.0,0.01345399002752501,0.8897672633700842,0.47019028958673265
0.3343841920785479,0.17474509149824582,0.7716691889018752,0.0004024709601861765,3.0479688138189406e-05,0.0018065137725169038,0.29338738708429357,0.10944003551806426,0.0,0.0,0.08029757478500803,0.8839145481558462,0.38265454092622675
0.3230004693517213,0.05957551550502773,0.43027421393355375,0.0004024709601861765,3.0479688138189406e-05,0.004370042840183748,0.1989671472067556,0.06509795216160719,0.0,0.0,0.1244442693388687,0.7692197176520876,0.2970032539980278
0.3543425723389555,0.20411618629514086,0.8212646031711955,0.0004024709601861765,3.0479688138189406e-05,0.0035097981866042704,0.32963816508822985,0.15311615516954327,0.0,0.0,0.11161345421156182,0.9157008007698461,0.44978749048176647
0.06489856463886641,0.9896271490003247,0.2863472934455128,0.0004024709601861765,3.0479688138189406e-05,1.720489307158956e-05,0.9751543391592511,0.2132748765192297,0.0,0.0,0.010970827574481734,0.6390896595972927,0.5262285953355449
0.31090421629437587,0.005680413197511682,0.4820927640880809,0.010510125608818251,0.0012424530682766787,0.0003785076475749703,0.21720187730247112,0.0008324546312225983,0.10679971061558191,0.06388128317545642,0.037385439878638495,0.7955432361783862,0.03490569211932853
0.33865451534818997,0.1564877077950627,0.8534192297313785,0.0004024709601861765,0.0,0.0017032844140873664,0.2856494019883257,0.07974915367112492,0.0,0.007857573808780228,0.07799322628031427,0.8763413081620296,0.3280395628980907
0.3958925893930398,0.3337556910605311,0.431415266076566,0.0004024709601861765,3.0479688138189406e-05,2.7012356824084692e-05,0.37056537756320757,0.2986847216826683,0.0,0.0,0.0,0.9448241860460618,0.6149214173800766
0.2655243183467936,0.35488145833653834,0.7801747692963222,0.03024865419123302,3.0479688138189406e-05,0.00020645871685907473,0.45075445354685684,0.15494755535823299,0.17977807919969205,0.0,0.02808940760308303,0.9833041623993714,0.45235000572130174
0.2207119181326215,0.4925201469413004,0.5337202783634611,0.0004024709601861765,3.0479688138189406e-05,0.0004817370060045077,0.5450064763570912,0.13485765025806093,0.0,0.0,0.041987242733829803,0.999985517614444,0.42322864661025944
0.3258015176677398,0.2636997986317974,0.8764484283290719,0.0004024709601861765,3.0479688138189406e-05,0.0009806789050806049,0.3799687116254815,0.11654364837116377,0.0,0.0,0.059398248516765575,0.9505704566077272,0.3944769402112497
0.31600926653833183,0.23041372380573757,0.916168401796009,0.0004024709601861765,3.0479688138189406e-05,0.001720489307158956,0.36232274126532876,0.0927909428936123,0.0,0.0,0.07838201402616886,0.9395035331637224,0.35318760077539374
0.3214580707603595,0.03531724600846443,0.5382912805300742,0.19200205075621635,0.0008153598260565705,0.0006881957228635824,0.2273958315810722,0.0044952550086020315,0.4493960308802282,0.05195171773201184,0.04993435032976862,0.8092972653135586,0.07909222444225351
0.3338791288132398,0.16666032414855741,0.8501561303902757,0.0004024709601861765,3.0479688138189406e-05,0.003991535192608778,0.3065251400407085,0.10344636217326156,0.0,0.0,0.11897161472202762,0.8961225316224902,0.3723476610643022
0.4022130468117608,0.055308323300009475,0.34913994451535446,0.12407075108946423,0.00021354662111005415,0.003630232438105397,0.16394435379413597,0.13186081358565957,0.36209061537954046,0.027413477074203337,0.11349829720198772,0.7116511156113314,0.418679719979674
0.9063140439169394,0.21087825522994597,0.6069938153832525,0.13740066649577032,7.765331676729242e-05,0.00022366360993066427,0.15787171766447425,0.8746323325378766,0.38086379140290316,0.01766802292844501,0.02915249375445921,0.700602630254362,0.9571907272948221
0.2461744919486259,0.19249447998503705,0.8780430208451938,0.0004024709601861765,3.0479688138189406e-05,0.00046453211293291815,0.3861422779955254,0.0006659637049780787,0.0,0.0,0.041255925363550175,0.9541583713941274,0.03145562595013131
0.264527310342549,0.1321699265860276,0.8153881438731152,0.0004024709601861765,3.0479688138189406e-05,0.0013763914457271648,0.3149191716991606,0.00027748487707419944,0.0,0.0,0.07019626014394796,0.9035070024957914,0.021342870664982742
0.35759620981479556,0.13071524981559465,1.0,0.0004024709601861765,3.0479688138189406e-05,0.002460299709237307,0.2701734317963901,0.09700871302514014,0.0,0.0,0.09357605594954034,0.8603079912774877,0.3609076795245061
0.25207564239480157,0.4601928989167249,0.5572869861630784,0.0004024709601861765,3.0479688138189406e-05,0.00032689296836020166,0.49888135650243076,0.1779233031799767,0.0,0.0,0.034857608153739186,0.995533904760975,0.4831215634662746
0.27987209922659,0.3901102869436161,0.35302261968071735,0.0053832350679313,1.9413329191823105e-05,0.0010667033704385527,0.44831530607095393,0.19873466896054165,0.07726198566814499,0.011145208188531496,0.06190654140388604,0.9824736848625689,0.5090534095235633
0.007737258266858035,0.7552388524846343,0.13331179310950161,0.0004024709601861765,3.0479688138189406e-05,0.0001720489307158956,0.8501522364459098,0.00011099395082967979,0.0,0.0,0.02583260687228203,0.8401755128673108,0.015066308404317278
0.12268567330593667,0.8638698320960025,0.27219949689356093,0.0004024709601861765,3.0479688138189406e-05,0.00012043425150112692,0.845644019042172,0.21493978578167489,0.0,0.0,0.022019081197905774,0.8453999075569072,0.528149903620771
0.3397416524873212,0.11237859813076545,0.39808371719407154,0.014611638041527814,0.00048533322979557765,0.010254116270667378,0.22388009487442595,0.09817414950885177,0.1255182121700526,0.04038482999867771,0.18995281347583232,0.8046283011138238,0.3630086402477725
0.7036002580948596,0.25133464124153576,0.8579858839974706,0.0004024709601861765,1.9413329191823105e-05,0.00024086850300225385,0.26564839268592194,0.718519340695932,0.0,0.011145208188531496,0.03017822000415315,0.8553890980740378,0.891749166334478
0.0403511295051206,1.0,0.37786380582058876,0.0004024709601861765,3.0479688138189406e-05,2.7012356824084692e-05,1.0,0.18702480714801042,0.0,0.0,0.0,0.5805672079727623,0.49467054464671667
0.09577495993990744,0.8031832693548687,0.4901874678832817,0.0004024709601861765,3.0479688138189406e-05,1.720489307158956e-05,0.8119669621679816,0.1646040290804151,0.0,0.0,0.010970827574481734,0.8810510716307464,0.4655831655393893
0.22795796046756372,0.21053162986791638,0.8079483425939086,0.36682901820046143,0.0019025062607986643,0.00041291743371814945,0.45793732232072265,0.019479438370608802,0.6177542359219462,0.07883596726016559,0.03897975850413679,0.9856303054197958,0.16362496788573008
0.25244198939051327,0.456250632564971,0.5573057364840757,0.0004024709601861765,3.0479688138189406e-05,0.0006709908297919928,0.49787205409860885,0.17575892113879793,0.0,0.0,0.04932105036784386,0.9953576099466264,0.48032467546048424
0.31390811589780765,0.2181809496126071,0.9251680123871686,0.0004024709601861765,3.0479688138189406e-05,0.0018925382378748516,0.35438289568859654,0.10466729563238804,0.0,0.0,0.08216825042341688,0.9341233239204637,0.37447316428063426
0.2595867275495856,0.14746548927939007,0.9233995038502018,0.0004024709601861765,3.0479688138189406e-05,0.0013419816595839856,0.34317963900617354,0.00011099395082967979,0.0,0.0,0.06932430892761805,0.9260975399419186,0.015066308404317278
0.14190382856904085,0.36165024764159537,0.4182441166791714,0.0004024709601861765,3.0479688138189406e-05,0.00010322935842953736,0.5301024441939879,0.00044397580331871915,0.0,0.0,0.020592056224657856,0.9993159681510239,0.02615871163111867
1.0,0.2514498591556138,0.8372241155215429,0.04152781338118431,1.9413329191823105e-05,0.00015484403764430603,0.17390280417851195,1.0,0.21036288565070066,0.011145208188531496,0.02462696246498162,0.729046970896915,1.0
0.3439182025869734,0.22804021858206666,0.9142153792306771,0.0004024709601861765,3.0479688138189406e-05,0.0010839082635101423,0.3458038252561105,0.14284921471779788,0.0,0.0,0.0623960717571313,0.9280236070049783,0.43508846790701156
0.01510403963155404,0.750557750246751,0.4897553952689951,0.0004024709601861765,3.0479688138189406e-05,0.000430122326789739,0.8641647181523038,0.0014429213607858372,0.0,0.0,0.03975295921310447,0.823206784087323,0.04536627489089059
0.2426218006586472,0.4365282891151863,0.5188428497553084,0.0004024709601861765,3.0479688138189406e-05,0.00010322935842953736,0.5006476357091191,0.18857872245962595,0.0,0.0,0.020592056224657856,0.9958342428767237,0.4966091643288267
0.11662345650819811,0.8243134898882718,0.12647906744055673,0.0004024709601861765,3.0479688138189406e-05,0.0,0.8136323111342877,0.21843609523280982,0.0,0.0,0.007734632314773289,0.8794218510566503,0.5321556471304859
0.38320333035656157,0.08314506850324399,0.8954104377330373,0.0004024709601861765,3.0479688138189406e-05,0.005230287493763227,0.2148636600669504,0.11099395082967978,0.0,0.0,0.13605411922269003,0.7922939061496572,0.3852759279421254
0.3827269335007322,0.059694457961655026,0.47940820726006994,0.041271468854139966,0.0004270932422201083,0.005195877707620047,0.1810183861254563,0.13141683778234087,0.20971770401195894,0.03797967909334655,0.13560912892364974,0.7409569547116217,0.41800090272554336
0.9036808641513431,0.19861204112218847,0.5222910066123415,0.18610612663419637,0.003086719341499874,0.00013763914457271648,0.14313590256867462,0.8411121593873134,0.4425276359864273,0.1001977059903966,0.0233593416498181,0.6722886750820248,0.9443474644706998
0.23239347999521903,0.200019108522644,0.8863630002361453,0.0004024709601861765,3.0479688138189406e-05,0.001049498477366963,0.39996972092788535,0.0,0.0,0.0,0.06141309890597327,0.9616727580640508,0.008661546174031915
0.36771885346023,0.22284537237733504,0.7957223180722931,0.0004024709601861765,3.0479688138189406e-05,0.002649553533024792,0.3231954514105001,0.19179754703368668,0.0,0.0,0.0970791430942508,0.9104798945381606,0.5005951805875366
0.19389303445119374,0.20090854547706938,0.7823343171364076,0.0161497052037939,0.002620799440896119,0.0006365810436488137,0.4637576328494289,0.022198790165935955,0.1318531028937468,0.09238846966285746,0.04807096252718393,0.9873850209396579,0.17458292267334252
0.0663416025397467,0.9753478196446949,0.38672156615724673,0.0004024709601861765,3.0479688138189406e-05,0.00012043425150112692,0.9700910054334113,0.20522781508407792,0.0,0.0,0.022019081197905774,0.6499871470316835,0.5168129419015884
0.3396024503463777,0.11148543663379083,0.37850756684149756,0.0053832350679313,3.0479688138189406e-05,0.009686354799304922,0.22115497838410686,0.09678672512348077,0.07726198566814499,0.0,0.18467296045610296,0.800955627302469,0.36050594669254776
0.6637529771766794,0.27120523767844407,0.8462772596378688,0.0004024709601861765,3.0479688138189406e-05,0.0008258348674362989,0.3047756825407506,0.7027027027027027,0.0,0.0,0.05459301976765442,0.8945431581338236,0.8842660624518248
0.1211284556384884,0.7542897418811045,0.5035113372864807,0.0004024709601861765,3.0479688138189406e-05,0.0,0.7663633152219624,0.18214107331150453,0.0,0.0,0.007734632314773289,0.9207049064063935,0.4885154664768815
0.0,0.8190526545057654,0.3260110159494578,0.0004024709601861765,0.0,0.00015484403764430603,0.9164970477904688,0.000499472778733559,0.0,0.007857573808780228,0.02462696246498162,0.7488842088134673,0.027578243390984185
