/Users/chocoplot/Documents/codeLAB/signal_Recognition/python/Proyecto/datasets/Dataset_Final_3Clases_Train/01_Descongel/00023_descongelACE_resized._aug2.JPEG,0.178985595703125,2.5330352783203125,147.4958038330078,37.5714111328125,2.0272064208984375,6.753465115096669,25.288490035003363,125.92226899588441,90.38306757549425,22.64570757243345
/Users/chocoplot/Documents/codeLAB/signal_Recognition/python/Proyecto/datasets/Dataset_Final_3Clases_Train/01_Descongel/00029_descongelACE_resized.JPEG,0.0,3.0466461181640625,149.93934631347656,25.030746459960938,9.630203247070312,0.0,27.70582443390761,125.5098631065458,75.87029773862227,48.61029740109647
/Users/chocoplot/Documents/codeLAB/signal_Recognition/python/Proyecto/datasets/Dataset_Final_3Clases_Train/01_Descongel/00014_descongelACE_resized._aug0.JPEG,0.0,3.7664794921875,149.48020935058594,36.72706604003906,8.097152709960938,0.0,30.76143531668741,125.59108406612475,89.5350459892693,44.71252686922996
/Users/chocoplot/Documents/codeLAB/signal_Recognition/python/Proyecto/datasets/Dataset_Final_3Clases_Train/01_Descongel/00007_descongelACE_resized.JPEG,0.2684783935546875,0.0,180.81825256347656,0.1050567626953125,0.0,8.269819206526803,0.0,115.81629394682479,5.174788649202658,0.0
/Users/chocoplot/Documents/codeLAB/signal_Recognition/python/Proyecto/datasets/Dataset_Final_3Clases_Train/01_Descongel/00019_descongelACE_resized._aug1.JPEG,1.2490081787109375,0.0038909912109375,202.6856231689453,2.8676605224609375,1.9416046142578125,17.802726312023175,0.9960861503788008,102.97267632094135,26.889216358151053,22.166175767543553
/Users/chocoplot/Documents/codeLAB/signal_Recognition/python/Proyecto/datasets/Dataset_Final_3Clases_Train/01_Descongel/00011_descongelACE_resized._aug0.JPEG,0.0,4.295654296875,152.13775634765625,43.493499755859375,6.918182373046875,0.0,32.8167518177053,125.09688630079297,95.91224070331795,41.42795261390812
/Users/chocoplot/Documents/codeLAB/signal_Recognition/python/Proyecto/datasets/Dataset_Final_3Clases_Train/01_Descongel/00007_descongelACE_resized._aug2.JPEG,0.0311279296875,0.0,182.93495178222656,0.0,0.0,2.817206616900129,0.0,114.81818723922711,0.0,0.0
/Users/chocoplot/Documents/codeLAB/signal_Recognition/python/Proyecto/datasets/Dataset_Final_3Clases_Train/01_Descongel/00018_descongelACE_resized._aug3.JPEG,2.918243408203125,0.0038909912109375,216.9927978515625,4.692535400390625,0.7431793212890625,27.122609102043924,0.9960861503788008,90.81458656349965,34.27209708517543,13.746214439805573
/Users/chocoplot/Documents/codeLAB/signal_Recognition/python/Proyecto/datasets/Dataset_Final_3Clases_Train/01_Descongel/00009_descongelACE_resized._aug4.JPEG,0.988311767578125,0.0,187.07496643066406,0.0,0.0,15.844328341160079,0.0,112.7256553530972,0.0,0.0
/Users/chocoplot/Documents/codeLAB/signal_Recognition/python/Proyecto/datasets/Dataset_Final_3Clases_Train/01_Descongel/00030_descongelACE_resized._aug0.JPEG,0.038909912109375,1.8988037109375,146.41021728515625,47.38838195800781,2.0894622802734375,3.149684683683474,21.922351396608725,126.08986351895294,99.1886014353159,22.987975744920238
/Users/chocoplot/Documents/codeLAB/signal_Recognition/python/Proyecto/datasets/Dataset_Final_3Clases_Train/01_Descongel/00030_descongelACE_resized._aug1.JPEG,0.038909912109375,1.61865234375,135.07965087890625,65.75386047363281,1.9338226318359375,3.149684683683474,20.251822442593227,127.2745021304499,111.5511732506225,22.12205011174966
/Users/chocoplot/Documents/codeLAB/signal_Recognition/python/Proyecto/datasets/Dataset_Final_3Clases_Train/01_Descongel/00018_descongelACE_resized._aug2.JPEG,3.120574951171875,0.0272369384765625,222.35069274902344,4.396820068359375,0.708160400390625,28.03584535060334,2.635275594829858,85.20326334730585,33.194232793033684,13.419367009919952
/Users/chocoplot/Documents/codeLAB/signal_Recognition/python/Proyecto/datasets/Dataset_Final_3Clases_Train/01_Descongel/00007_descongelACE_resized._aug3.JPEG,0.0739288330078125,0.007781982421875,172.82615661621094,0.0,0.0,4.34124255768349,1.408667795588339,119.1712613275647,0.0,0.0
/Users/chocoplot/Documents/codeLAB/signal_Recognition/python/Proyecto/datasets/Dataset_Final_3Clases_Train/01_Descongel/00003_descongelACE_resized._aug1.JPEG,0.0,3.0699920654296875,150.223388671875,28.789443969726562,6.0894012451171875,0.0,27.810485889368582,125.45874862785338,80.69991405320236,38.93220402161748
/Users/chocoplot/Documents/codeLAB/signal_Recognition/python/Proyecto/datasets/Dataset_Final_3Clases_Train/01_Descongel/00011_descongelACE_resized._aug1.JPEG,0.0038909912109375,3.1867218017578125,138.37142944335938,27.2369384765625,4.568023681640625,0.9960861503788008,28.327704877141805,127.03567224153245,78.76273543972039,33.822761544000656
/Users/chocoplot/Documents/codeLAB/signal_Recognition/python/Proyecto/datasets/Dataset_Final_3Clases_Train/01_Descongel/00033_descongelACE_resized.JPEG,0.38909912109375,1.431884765625,146.27792358398438,14.291610717773438,1.268463134765625,9.953335006562892,19.054666652879185,126.10963320014075,58.6524560110133,17.940153305949615
/Users/chocoplot/Documents/codeLAB/signal_Recognition/python/Proyecto/datasets/Dataset_Final_3Clases_Train/01_Descongel/00019_descongelACE_resized._aug0.JPEG,1.4669036865234375,0.0038909912109375,202.642822265625,3.3968353271484375,1.595306396484375,19.284932813933796,0.9960861503788008,103.00391381863454,29.234474823110606,20.106171405935335
/Users/chocoplot/Documents/codeLAB/signal_Recognition/python/Proyecto/datasets/Dataset_Final_3Clases_Train/01_Descongel/00013_descongelACE_resized._aug4.JPEG,0.2490234375,2.69256591796875,162.19207763671875,37.90214538574219,0.505828857421875,7.964858058375911,26.064427825283722,122.68948508021329,90.71093896836435,11.345946228040102
/Users/chocoplot/Documents/codeLAB/signal_Recognition/python/Proyecto/datasets/Dataset_Final_3Clases_Train/01_Descongel/00002_descongelACE_resized._aug3.JPEG,0.0,3.1711578369140625,153.0132293701172,24.614410400390625,0.3424072265625,0.0,28.259317160654547,124.9212757183811,75.30475053235853,9.33791197563113
/Users/chocoplot/Documents/codeLAB/signal_Recognition/python/Proyecto/datasets/Dataset_Final_3Clases_Train/01_Descongel/00014_descongelACE_resized._aug1.JPEG,0.0,4.0894317626953125,152.10662841796875,42.769775390625,9.066009521484375,0.0,32.03250922649619,125.1030129049657,95.27349598731466,47.219062880735684
/Users/chocoplot/Documents/codeLAB/signal_Recognition/python/Proyecto/datasets/Dataset_Final_3Clases_Train/01_Descongel/00023_descongelACE_resized._aug3.JPEG,0.0894927978515625,2.4240875244140625,150.63583374023438,42.886505126953125,2.077789306640625,4.776259466494794,24.74401176849797,125.3833449750972,95.37718010807863,22.92420259879434
/Users/chocoplot/Documents/codeLAB/signal_Recognition/python/Proyecto/datasets/Dataset_Final_3Clases_Train/01_Descongel/00033_descongelACE_resized._aug1.JPEG,0.101165771484375,1.4279937744140625,169.24644470214844,15.746841430664062,0.498046875,5.078093856477605,19.028905545401727,120.47192351220454,61.379813862351014,11.25850356110006
/Users/chocoplot/Documents/codeLAB/signal_Recognition/python/Proyecto/datasets/Dataset_Final_3Clases_Train/01_Descongel/00005_descongelACE_resized.JPEG,0.01556396484375,2.498016357421875,163.4722137451172,31.948928833007812,0.79376220703125,1.992126702334616,25.114818044744638,122.32027566301346,84.41707646466084,14.204904235919988
/Users/chocoplot/Documents/codeLAB/signal_Recognition/python/Proyecto/datasets/Dataset_Final_3Clases_Train/01_Descongel/00023_descongelACE_resized.JPEG,0.101165771484375,2.062225341796875,140.89279174804688,29.2913818359375,2.1205902099609375,5.078093856477605,22.838885454370445,126.7946494501777,81.31000749173113,23.15715009886702
/Users/chocoplot/Documents/codeLAB/signal_Recognition/python/Proyecto/datasets/Dataset_Final_3Clases_Train/01_Descongel/00007_descongelACE_resized._aug4.JPEG,0.0933837890625,0.0,189.58465576171875,0.0,0.0,4.878949239219223,0.0,111.36312459224949,0.0,0.0
/Users/chocoplot/Documents/codeLAB/signal_Recognition/python/Proyecto/datasets/Dataset_Final_3Clases_Train/01_Descongel/00021_descongelACE_resized._aug1.JPEG,0.0,2.1828460693359375,108.3563232421875,19.723434448242188,5.7625579833984375,0.0,23.49172047165232,126.05462958651059,68.12093597322082,37.89782594364184
/Users/chocoplot/Documents/codeLAB/signal_Recognition/python/Proyecto/datasets/Dataset_Final_3Clases_Train/01_Descongel/00009_descongelACE_resized._aug2.JPEG,0.599212646484375,0.0,181.1217498779297,0.0,0.0,12.346666313536169,0.0,115.67609061525526,0.0,0.0
/Users/chocoplot/Documents/codeLAB/signal_Recognition/python/Proyecto/datasets/Dataset_Final_3Clases_Train/01_Descongel/00023_descongelACE_resized._aug4.JPEG,0.101165771484375,2.5408172607421875,155.2349853515625,44.39231872558594,1.750946044921875,5.078093856477605,25.32691550775128,124.44685848806556,96.69210574390448,21.057669135088304
/Users/chocoplot/Documents/codeLAB/signal_Recognition/python/Proyecto/datasets/Dataset_Final_3Clases_Train/01_Descongel/00005_descongelACE_resized._aug1.JPEG,0.0,3.338470458984375,162.44110107421875,45.1666259765625,0.505828857421875,0.0,28.985592663174998,122.61879731803452,97.35227538130142,11.345946228040102
/Users/chocoplot/Documents/codeLAB/signal_Recognition/python/Proyecto/datasets/Dataset_Final_3Clases_Train/01_Descongel/00018_descongelACE_resized.JPEG,3.1322479248046875,0.0116729736328125,192.7869415283203,3.6380767822265625,0.3929901123046875,28.087581664549763,1.7252454950104217,109.51650681918997,30.240270779118323,10.00290144954583
/Users/chocoplot/Documents/codeLAB/signal_Recognition/python/Proyecto/datasets/Dataset_Final_3Clases_Train/01_Descongel/00029_descongelACE_resized._aug0.JPEG,0.0,3.2061767578125,144.86549377441406,32.3419189453125,8.532943725585938,0.0,28.41294606055223,126.31187444563867,84.85982329694968,45.85945400242351
/Users/chocoplot/Documents/codeLAB/signal_Recognition/python/Proyecto/datasets/Dataset_Final_3Clases_Train/01_Descongel/00024_descongelACE_resized._aug1.JPEG,0.04669189453125,0.0,161.45278930664062,0.0038909912109375,0.0,3.4502540446253858,0.0,122.89612727136226,0.9960861503788008,0.0
/Users/chocoplot/Documents/codeLAB/signal_Recognition/python/Proyecto/datasets/Dataset_Final_3Clases_Train/01_Descongel/00013_descongelACE_resized._aug3.JPEG,0.210113525390625,3.00384521484375,153.72528076171875,44.302825927734375,0.82489013671875,7.316747999012764,27.512859606199,124.77373381032173,96.61511386107834,14.479866750962364
/Users/chocoplot/Documents/codeLAB/signal_Recognition/python/Proyecto/datasets/Dataset_Final_3Clases_Train/01_Descongel/00031_descongelACE_resized._aug4.JPEG,0.365753173828125,1.5291595458984375,140.9783935546875,11.964797973632812,0.2801513671875,9.650558737296329,19.6874923565011,126.7855784668941,53.92464272228903,8.447491571127815
/Users/chocoplot/Documents/codeLAB/signal_Recognition/python/Proyecto/datasets/Dataset_Final_3Clases_Train/01_Descongel/00017_descongelACE_resized._aug1.JPEG,0.0,3.4824371337890625,161.88858032226562,30.462570190429688,7.9337310791015625,0.0,29.595508117371764,122.77489785546183,82.70421522481617,44.27366413947909
/Users/chocoplot/Documents/codeLAB/signal_Recognition/python/Proyecto/datasets/Dataset_Final_3Clases_Train/01_Descongel/00017_descongelACE_resized._aug0.JPEG,0.0,3.743133544921875,155.75637817382812,41.921539306640625,12.054290771484375,0.0,30.667376888478067,124.32951014339922,94.5123117131051,54.115970107954475
/Users/chocoplot/Documents/codeLAB/signal_Recognition/python/Proyecto/datasets/Dataset_Final_3Clases_Train/01_Descongel/00017_descongelACE_resized.JPEG,0.0194549560546875,3.462982177734375,158.5462188720703,26.306991577148438,8.54461669921875,2.2272483693181195,29.51386470388044,123.662372182275,77.56432843990008,45.889724163087024
/Users/chocoplot/Documents/codeLAB/signal_Recognition/python/Proyecto/datasets/Dataset_Final_3Clases_Train/01_Descongel/00008_descongelACE_resized._aug1.JPEG,0.0,0.0,170.91957092285156,0.0,0.0,0.0,0.0,119.87906765101013,0.0,0.0
/Users/chocoplot/Documents/codeLAB/signal_Recognition/python/Proyecto/datasets/Dataset_Final_3Clases_Train/01_Descongel/00013_descongelACE_resized._aug2.JPEG,0.132293701171875,2.700347900390625,156.03652954101562,41.1199951171875,0.7587432861328125,5.806667906420891,26.101663468378128,124.26550801310371,93.78030047107595,13.888982921352289
/Users/chocoplot/Documents/codeLAB/signal_Recognition/python/Proyecto/datasets/Dataset_Final_3Clases_Train/01_Descongel/00029_descongelACE_resized._aug1.JPEG,0.0,3.0816650390625,150.6085968017578,32.86720275878906,8.661346435546875,0.0,27.862661853239317,125.38836769754118,85.4452086796203,46.19117252233258
/Users/chocoplot/Documents/codeLAB/signal_Recognition/python/Proyecto/datasets/Dataset_Final_3Clases_Train/01_Descongel/00005_descongelACE_resized._aug0.JPEG,0.0038909912109375,3.276214599609375,159.99755859375,48.82804870605469,0.5875396728515625,0.9960861503788008,28.717610290511587,123.28892361216309,100.33431157686336,12.226095603665707
/Users/chocoplot/Documents/codeLAB/signal_Recognition/python/Proyecto/datasets/Dataset_Final_3Clases_Train/01_Descongel/00031_descongelACE_resized.JPEG,0.910491943359375,1.595306396484375,134.73724365234375,12.447280883789062,0.5330657958984375,15.210077250879376,20.106171405935335,127.29443155266695,54.9465360506581,11.646785771677298
/Users/chocoplot/Documents/codeLAB/signal_Recognition/python/Proyecto/datasets/Dataset_Final_3Clases_Train/01_Descongel/00009_descongelACE_resized._aug3.JPEG,0.7976531982421875,0.0,179.19570922851562,0.0,0.0,14.239568635569402,0.0,116.54957592098208,0.0,0.0
/Users/chocoplot/Documents/codeLAB/signal_Recognition/python/Proyecto/datasets/Dataset_Final_3Clases_Train/01_Descongel/00018_descongelACE_resized._aug4.JPEG,3.2567596435546875,0.0,224.2961883544922,5.595245361328125,0.536956787109375,28.633323693391915,0.0,82.986432144307,37.35613465664252,11.689125635464263
/Users/chocoplot/Documents/codeLAB/signal_Recognition/python/Proyecto/datasets/Dataset_Final_3Clases_Train/01_Descongel/00024_descongelACE_resized.JPEG,0.1984405517578125,0.0038909912109375,173.4253692626953,0.2918243408203125,0.0,7.1107638159103725,0.9960861503788008,118.9416262629912,8.621487427543142,0.0
/Users/chocoplot/Documents/codeLAB/signal_Recognition/python/Proyecto/datasets/Dataset_Final_3Clases_Train/01_Descongel/00002_descongelACE_resized.JPEG,0.0,3.5758209228515625,162.48390197753906,26.295318603515625,0.4708099365234375,0.0,29.984126468097173,122.60659281794734,77.5490971155441,10.946911519563285
/Users/chocoplot/Documents/codeLAB/signal_Recognition/python/Proyecto/datasets/Dataset_Final_3Clases_Train/01_Descongel/00033_descongelACE_resized._aug0.JPEG,0.0894927978515625,1.54083251953125,170.88844299316406,16.766281127929688,0.3929901123046875,4.776259466494794,19.762037537339708,119.89033745314488,63.20042329574462,10.00290144954583
/Users/chocoplot/Documents/codeLAB/signal_Recognition/python/Proyecto/datasets/Dataset_Final_3Clases_Train/01_Descongel/00030_descongelACE_resized._aug4.JPEG,0.0505828857421875,2.606964111328125,143.4686279296875,59.462127685546875,2.809295654296875,3.591110863775693,25.651112773346092,126.49605891901615,107.82902174703327,26.617254737715754
/Users/chocoplot/Documents/codeLAB/signal_Recognition/python/Proyecto/datasets/Dataset_Final_3Clases_Train/01_Descongel/00003_descongelACE_resized.JPEG,0.0,3.0933380126953125,151.1260986328125,26.174697875976562,6.8520355224609375,0.0,27.91473541297712,125.29188905668481,77.3914281395257,41.234920485269186
/Users/chocoplot/Documents/codeLAB/signal_Recognition/python/Proyecto/datasets/Dataset_Final_3Clases_Train/01_Descongel/00009_descongelACE_resized._aug0.JPEG,0.7470703125,0.0,188.448486328125,0.0,0.0,13.78204685943569,0.0,111.98898166476182,0.0,0.0
/Users/chocoplot/Documents/codeLAB/signal_Recognition/python/Proyecto/datasets/Dataset_Final_3Clases_Train/01_Descongel/00003_descongelACE_resized._aug4.JPEG,0.0,3.299560546875,144.39857482910156,31.077346801757812,6.9609832763671875,0.0,28.818411469937598,126.37518810567704,83.42015314186085,41.55232180395903
/Users/chocoplot/Documents/codeLAB/signal_Recognition/python/Proyecto/datasets/Dataset_Final_3Clases_Train/01_Descongel/00011_descongelACE_resized._aug4.JPEG,0.0,3.7353515625,159.72129821777344,34.365234375,5.0933074951171875,0.0,30.635955952802075,123.36141188054435,87.07563052873243,35.67704626247899
/Users/chocoplot/Documents/codeLAB/signal_Recognition/python/Proyecto/datasets/Dataset_Final_3Clases_Train/01_Descongel/00033_descongelACE_resized._aug3.JPEG,0.1984405517578125,1.673126220703125,164.2815399169922,19.046401977539062,0.8054351806640625,7.1107638159103725,20.587565055850888,122.0793525594509,67.03780333500238,14.308642326897566
/Users/chocoplot/Documents/codeLAB/signal_Recognition/python/Proyecto/datasets/Dataset_Final_3Clases_Train/01_Descongel/00017_descongelACE_resized._aug3.JPEG,0.0,3.3267974853515625,156.0948944091797,28.972320556640625,7.2255706787109375,0.0,28.935545221338185,124.25209058091484,80.92308931020008,42.3120745347973
/Users/chocoplot/Documents/codeLAB/signal_Recognition/python/Proyecto/datasets/Dataset_Final_3Clases_Train/01_Descongel/00013_descongelACE_resized._aug1.JPEG,0.0972747802734375,1.9921875,139.13406372070312,30.310821533203125,0.5252838134765625,4.9795187103624095,22.45081293550066,126.96810056601862,82.52583588761223,11.561636966789044
/Users/chocoplot/Documents/codeLAB/signal_Recognition/python/Proyecto/datasets/Dataset_Final_3Clases_Train/01_Descongel/00024_descongelACE_resized._aug3.JPEG,0.062255859375,0.0,187.0983123779297,0.116729736328125,0.0,3.9838885964091015,0.0,112.71331403921505,5.454581279285207,0.0
/Users/chocoplot/Documents/codeLAB/signal_Recognition/python/Proyecto/datasets/Dataset_Final_3Clases_Train/01_Descongel/00030_descongelACE_resized.JPEG,0.0661468505859375,2.4163055419921875,170.767822265625,45.05767822265625,3.058319091796875,4.106467033055498,24.70464289836519,119.9339216251611,97.26003074213432,27.75820694391037
/Users/chocoplot/Documents/codeLAB/signal_Recognition/python/Proyecto/datasets/Dataset_Final_3Clases_Train/01_Descongel/00016_descongelACE_resized.JPEG,1.4513397216796875,0.007781982421875,193.3550262451172,1.7937469482421875,0.9455108642578125,19.182941433487073,1.408667795588339,109.17584677141244,21.311685613471067,15.49875090422814
/Users/chocoplot/Documents/codeLAB/signal_Recognition/python/Proyecto/datasets/Dataset_Final_3Clases_Train/01_Descongel/00029_descongelACE_resized._aug2.JPEG,0.0,2.9376983642578125,162.29713439941406,31.855545043945312,7.7197265625,0.0,27.211817491787997,122.65973030130596,84.31125806296112,43.691373235888705
/Users/chocoplot/Documents/codeLAB/signal_Recognition/python/Proyecto/datasets/Dataset_Final_3Clases_Train/01_Descongel/00014_descongelACE_resized._aug4.JPEG,0.0,4.2528533935546875,157.67852783203125,43.4857177734375,10.451202392578125,0.0,32.65564045259832,123.87698114618114,95.90542415294092,50.55520723582083
/Users/chocoplot/Documents/codeLAB/signal_Recognition/python/Proyecto/datasets/Dataset_Final_3Clases_Train/01_Descongel/00005_descongelACE_resized._aug3.JPEG,0.0,3.2256317138671875,157.55401611328125,48.333892822265625,0.6653594970703125,0.0,28.497918995649965,123.90724803441738,99.94487217623261,13.008611320682467
/Users/chocoplot/Documents/codeLAB/signal_Recognition/python/Proyecto/datasets/Dataset_Final_3Clases_Train/01_Descongel/00005_descongelACE_resized._aug2.JPEG,0.0,2.7587127685546875,156.68243408203125,30.715484619140625,0.536956787109375,0.0,26.37918231943626,124.11541218175888,83.00004567765126,11.689125635464263
/Users/chocoplot/Documents/codeLAB/signal_Recognition/python/Proyecto/datasets/Dataset_Final_3Clases_Train/01_Descongel/00011_descongelACE_resized.JPEG,0.0194549560546875,3.19061279296875,149.05609130859375,27.28363037109375,5.268402099609375,2.2272483693181195,28.344774689744412,125.66457308046516,78.82213685508937,36.27239273493303
/Users/chocoplot/Documents/codeLAB/signal_Recognition/python/Proyecto/datasets/Dataset_Final_3Clases_Train/01_Descongel/00029_descongelACE_resized._aug3.JPEG,0.0,3.2022857666015625,158.87306213378906,33.69987487792969,9.334487915039062,0.0,28.395919360929653,123.57985666098423,86.35847686871251,47.886968516486306
/Users/chocoplot/Documents/codeLAB/signal_Recognition/python/Proyecto/datasets/Dataset_Final_3Clases_Train/01_Descongel/00024_descongelACE_resized._aug2.JPEG,0.0739288330078125,0.0,189.82200622558594,0.163421630859375,0.0,4.34124255768349,0.0,111.2304703757834,6.453356432098563,0.0
/Users/chocoplot/Documents/codeLAB/signal_Recognition/python/Proyecto/datasets/Dataset_Final_3Clases_Train/01_Descongel/00013_descongelACE_resized._aug0.JPEG,0.147857666015625,3.15948486328125,156.6046142578125,45.94093322753906,0.7198333740234375,6.138553815401864,28.207911931502753,124.1336836998884,98.00188073300052,13.529203608846258
/Users/chocoplot/Documents/codeLAB/signal_Recognition/python/Proyecto/datasets/Dataset_Final_3Clases_Train/01_Descongel/00019_descongelACE_resized._aug4.JPEG,1.556396484375,0.007781982421875,221.41685485839844,4.046630859375,2.7198028564453125,19.86098520967805,1.408667795588339,86.23151612668376,31.86715625575302,26.194510890941
/Users/chocoplot/Documents/codeLAB/signal_Recognition/python/Proyecto/datasets/Dataset_Final_3Clases_Train/01_Descongel/00019_descongelACE_resized.JPEG,1.5447235107421875,0.0,205.03578186035156,2.5641632080078125,1.9338226318359375,19.786821991280412,0.0,101.21488295356556,25.441829436671632,22.12205011174966
/Users/chocoplot/Documents/codeLAB/signal_Recognition/python/Proyecto/datasets/Dataset_Final_3Clases_Train/01_Descongel/00017_descongelACE_resized._aug2.JPEG,0.0116729736328125,3.151702880859375,141.60873413085938,29.571533203125,7.8481292724609375,1.7252454950104217,28.173586984442064,126.71698237104893,81.64720075307757,44.04179641431853
/Users/chocoplot/Documents/codeLAB/signal_Recognition/python/Proyecto/datasets/Dataset_Final_3Clases_Train/01_Descongel/00022_descongelACE_resized.JPEG,0.1050567626953125,0.0,141.92001342773438,0.210113525390625,0.0,5.174788649202658,0.0,126.68193719999691,7.316747999012764,0.0
/Users/chocoplot/Documents/codeLAB/signal_Recognition/python/Proyecto/datasets/Dataset_Final_3Clases_Train/01_Descongel/00033_descongelACE_resized._aug2.JPEG,0.116729736328125,1.439666748046875,154.29336547851562,14.439468383789062,0.412445068359375,5.454581279285207,19.106082288279858,124.65298057541459,58.936967945931585,10.247115764800682
/Users/chocoplot/Documents/codeLAB/signal_Recognition/python/Proyecto/datasets/Dataset_Final_3Clases_Train/01_Descongel/00016_descongelACE_resized._aug0.JPEG,1.47857666015625,0.0,206.68167114257812,2.389068603515625,1.003875732421875,19.36106555435121,0.0,99.93254202244938,24.566335605950275,15.968110260185222
/Users/chocoplot/Documents/codeLAB/signal_Recognition/python/Proyecto/datasets/Dataset_Final_3Clases_Train/01_Descongel/00009_descongelACE_resized._aug1.JPEG,0.7743072509765625,0.0,175.46424865722656,0.0,0.0,14.030281439803998,0.0,118.1341646211956,0.0,0.0
/Users/chocoplot/Documents/codeLAB/signal_Recognition/python/Proyecto/datasets/Dataset_Final_3Clases_Train/01_Descongel/00001_descongelACE_resized.JPEG,1.1634063720703125,0.677032470703125,165.51109313964844,18.544464111328125,0.1595306396484375,17.1847348100387,13.121924670676574,121.70212322851631,66.21888853803222,6.376116614787164
/Users/chocoplot/Documents/codeLAB/signal_Recognition/python/Proyecto/datasets/Dataset_Final_3Clases_Train/01_Descongel/00019_descongelACE_resized._aug3.JPEG,1.63421630859375,0.007781982421875,211.5026092529297,3.5135650634765625,2.31903076171875,20.34832906526068,1.408667795588339,95.91564856007393,29.72564468150759,24.206919270416947
/Users/chocoplot/Documents/codeLAB/signal_Recognition/python/Proyecto/datasets/Dataset_Final_3Clases_Train/01_Descongel/00035_descongelACE_resized._aug2.JPEG,0.132293701171875,1.782073974609375,127.76458740234375,22.073593139648438,1.066131591796875,5.806667906420891,21.242718184695917,127.49972546443588,71.70441225277295,16.453781308172776
/Users/chocoplot/Documents/codeLAB/signal_Recognition/python/Proyecto/datasets/Dataset_Final_3Clases_Train/01_Descongel/00029_descongelACE_resized._aug4.JPEG,0.0,3.8909912109375,160.41000366210938,38.777618408203125,11.12823486328125,0.0,31.258006113401887,123.17946930783533,91.56740143020103,52.09474329492728
/Users/chocoplot/Documents/codeLAB/signal_Recognition/python/Proyecto/datasets/Dataset_Final_3Clases_Train/01_Descongel/00009_descongelACE_resized.JPEG,0.9649658203125,0.0,167.7484130859375,0.0311279296875,0.0,15.656791661937516,0.0,120.98063995558849,2.817206616900129,0.0
/Users/chocoplot/Documents/codeLAB/signal_Recognition/python/Proyecto/datasets/Dataset_Final_3Clases_Train/01_Descongel/00014_descongelACE_resized._aug2.JPEG,0.0038909912109375,3.5174560546875,145.09506225585938,34.18235778808594,6.84814453125,0.9960861503788008,29.74186942424189,126.28010050761138,86.87961586016132,41.22353420011269
/Users/chocoplot/Documents/codeLAB/signal_Recognition/python/Proyecto/datasets/Dataset_Final_3Clases_Train/01_Descongel/00023_descongelACE_resized._aug0.JPEG,0.1556396484375,2.3773956298828125,138.5387420654297,31.902236938476562,1.922149658203125,6.297927171014027,24.506812841312744,127.02124300136931,84.36419677584102,22.05569095569818
/Users/chocoplot/Documents/codeLAB/signal_Recognition/python/Proyecto/datasets/Dataset_Final_3Clases_Train/01_Descongel/00030_descongelACE_resized._aug2.JPEG,0.062255859375,1.9960784912109375,147.41409301757812,44.77752685546875,2.19451904296875,3.9838885964091015,22.47255405857808,125.93521707325257,97.02186576670388,23.55390502925319
/Users/chocoplot/Documents/codeLAB/signal_Recognition/python/Proyecto/datasets/Dataset_Final_3Clases_Train/01_Descongel/00018_descongelACE_resized._aug1.JPEG,2.5096893310546875,0.007781982421875,209.49485778808594,3.9337921142578125,0.51361083984375,25.1728472541454,1.408667795588339,97.63756088878687,31.4267763020254,11.432714816059711
/Users/chocoplot/Documents/codeLAB/signal_Recognition/python/Proyecto/datasets/Dataset_Final_3Clases_Train/01_Descongel/00032_descongelACE_resized.JPEG,0.062255859375,1.9571685791015625,149.96658325195312,15.167083740234375,1.3034820556640625,3.9838885964091015,22.254156439278393,125.50499048636695,60.31223693892048,18.18485245265679
/Users/chocoplot/Documents/codeLAB/signal_Recognition/python/Proyecto/datasets/Dataset_Final_3Clases_Train/01_Descongel/00003_descongelACE_resized._aug2.JPEG,0.0,3.797607421875,155.39840698242188,39.57527160644531,8.910369873046875,0.0,30.88637353991959,124.41032468345685,92.3335915954732,46.82680457123304
/Users/chocoplot/Documents/codeLAB/signal_Recognition/python/Proyecto/datasets/Dataset_Final_3Clases_Train/01_Descongel/00011_descongelACE_resized._aug2.JPEG,0.0038909912109375,4.0349578857421875,155.81863403320312,35.00724792480469,6.36566162109375,0.9960861503788008,31.821900881696944,124.31534485530541,87.75728353564992,39.78343958866101
/Users/chocoplot/Documents/codeLAB/signal_Recognition/python/Proyecto/datasets/Dataset_Final_3Clases_Train/01_Descongel/00014_descongelACE_resized.JPEG,0.0,3.3267974853515625,148.83041381835938,28.205795288085938,7.1244049072265625,0.0,28.935545221338185,125.70307651898399,79.98069086116038,42.02339950623533
/Users/chocoplot/Documents/codeLAB/signal_Recognition/python/Proyecto/datasets/Dataset_Final_3Clases_Train/01_Descongel/00022_descongelACE_resized._aug3.JPEG,0.0194549560546875,0.0,137.67494201660156,0.0,0.0,2.2272483693181195,0.0,127.09335370096579,0.0,0.0
/Users/chocoplot/Documents/codeLAB/signal_Recognition/python/Proyecto/datasets/Dataset_Final_3Clases_Train/01_Descongel/00033_descongelACE_resized._aug4.JPEG,0.085601806640625,1.7003631591796875,172.7405548095703,19.6417236328125,0.412445068359375,4.671309562002848,20.753346012576497,119.20378433809165,67.99148637218782,10.247115764800682
/Users/chocoplot/Documents/codeLAB/signal_Recognition/python/Proyecto/datasets/Dataset_Final_3Clases_Train/01_Descongel/00013_descongelACE_resized.JPEG,0.17120361328125,2.03887939453125,144.5775604248047,30.423660278320312,1.1089324951171875,6.605120037479879,22.71028877887784,126.35112555864765,82.6585401893902,16.77939376068623
/Users/chocoplot/Documents/codeLAB/signal_Recognition/python/Proyecto/datasets/Dataset_Final_3Clases_Train/01_Descongel/00011_descongelACE_resized._aug3.JPEG,0.0038909912109375,4.676971435546875,156.9353485107422,41.1199951171875,6.58355712890625,0.9960861503788008,34.21627762126575,124.05567402602409,93.78030047107595,40.44086847981286
/Users/chocoplot/Documents/codeLAB/signal_Recognition/python/Proyecto/datasets/Dataset_Final_3Clases_Train/01_Descongel/00035_descongelACE_resized.JPEG,0.1750946044921875,1.5252685546875,124.21989440917969,19.910202026367188,2.1478271484375,6.679705534302058,19.662579619200375,127.45780049613703,68.41553458091866,23.304136143440232
/Users/chocoplot/Documents/codeLAB/signal_Recognition/python/Proyecto/datasets/Dataset_Final_3Clases_Train/01_Descongel/00018_descongelACE_resized._aug0.JPEG,3.4552001953125,0.0038909912109375,215.96168518066406,5.6613922119140625,0.6420135498046875,29.481140436133064,0.9960861503788008,91.81928040992851,37.57131422057212,12.778938680581518
/Users/chocoplot/Documents/codeLAB/signal_Recognition/python/Proyecto/datasets/Dataset_Final_3Clases_Train/01_Descongel/00030_descongelACE_resized._aug3.JPEG,0.0661468505859375,2.4163055419921875,145.55030822753906,58.279266357421875,2.326812744140625,4.106467033055498,24.70464289836519,126.21583249692107,107.07352629844247,24.247127504295516
/Users/chocoplot/Documents/codeLAB/signal_Recognition/python/Proyecto/datasets/Dataset_Final_3Clases_Train/01_Descongel/00023_descongelACE_resized._aug1.JPEG,0.0272369384765625,2.5330352783203125,152.3712158203125,30.945053100585938,1.4980316162109375,2.635275594829858,25.288490035003363,125.05068022053874,83.26699363644235,19.487276962434272
/Users/chocoplot/Documents/codeLAB/signal_Recognition/python/Proyecto/datasets/Dataset_Final_3Clases_Train/01_Descongel/00005_descongelACE_resized._aug4.JPEG,0.023345947265625,2.9454803466796875,168.7017059326172,31.847763061523438,0.5330657958984375,2.4398097301799266,27.247415178887042,120.65931140298348,84.30242919789168,11.646785771677298
/Users/chocoplot/Documents/codeLAB/signal_Recognition/python/Proyecto/datasets/Dataset_Final_3Clases_Train/01_Descongel/00014_descongelACE_resized._aug3.JPEG,0.0,4.3073272705078125,159.5734405517578,40.60249328613281,9.027099609375,0.0,32.8605445141165,123.39993683617855,93.30098245417037,47.12135262312667
/Users/chocoplot/Documents/codeLAB/signal_Recognition/python/Proyecto/datasets/Dataset_Final_3Clases_Train/01_Descongel/00002_descongelACE_resized._aug1.JPEG,0.0,3.59527587890625,168.60443115234375,33.1201171875,0.225677490234375,0.0,30.064419842658676,120.6924841887109,85.72448728513206,7.582666396470779
/Users/chocoplot/Documents/codeLAB/signal_Recognition/python/Proyecto/datasets/Dataset_Final_3Clases_Train/01_Descongel/00024_descongelACE_resized._aug4.JPEG,0.0661468505859375,0.0,189.07493591308594,0.0,0.0,4.106467033055498,0.0,111.64576690273286,0.0,0.0
/Users/chocoplot/Documents/codeLAB/signal_Recognition/python/Proyecto/datasets/Dataset_Final_3Clases_Train/01_Descongel/00019_descongelACE_resized._aug2.JPEG,2.00775146484375,0.0,226.15997314453125,4.2761993408203125,2.56805419921875,22.53764756114919,0.0,80.76174650860624,32.74362458718869,25.460929253086114
/Users/chocoplot/Documents/codeLAB/signal_Recognition/python/Proyecto/datasets/Dataset_Final_3Clases_Train/01_Descongel/00017_descongelACE_resized._aug4.JPEG,0.0038909912109375,3.7236785888671875,167.7989959716797,34.886627197265625,8.069915771484375,0.9960861503788008,30.588760320221297,120.96380005470456,87.62997876355865,44.63972425060064
/Users/chocoplot/Documents/codeLAB/signal_Recognition/python/Proyecto/datasets/Dataset_Final_3Clases_Train/02_MKAcetaminofen/00009_mkACE_resized_aug4.JPEG,2.7587127685546875,75.92880249023438,48.691864013671875,0.0,0.0,26.37918231943626,116.60472369251919,100.22738000347218,0.0,0.0
/Users/chocoplot/Documents/codeLAB/signal_Recognition/python/Proyecto/datasets/Dataset_Final_3Clases_Train/02_MKAcetaminofen/00017_mkACE_resized._aug0.JPEG,9.9298095703125,22.3809814453125,78.8470458984375,0.0,0.0,49.330521204696566,72.15429258262647,117.8521958097992,0.0,0.0
/Users/chocoplot/Documents/codeLAB/signal_Recognition/python/Proyecto/datasets/Dataset_Final_3Clases_Train/02_MKAcetaminofen/00020_mkACE_resized._aug0.JPEG,8.182754516601562,35.773773193359375,42.23670959472656,0.0,0.0,44.940459835814266,88.5581691083139,94.79673680705474,0.0,0.0
/Users/chocoplot/Documents/codeLAB/signal_Recognition/python/Proyecto/datasets/Dataset_Final_3Clases_Train/02_MKAcetaminofen/00003_mkACE_resized._aug3.JPEG,13.190460205078125,60.458221435546875,63.89396667480469,0.0,0.0,56.47635887584443,108.45114073588546,110.50123313626027,0.0,0.0
/Users/chocoplot/Documents/codeLAB/signal_Recognition/python/Proyecto/datasets/Dataset_Final_3Clases_Train/02_MKAcetaminofen/00010_mkACE_resized.JPEG,8.241119384765625,49.734649658203125,66.45034790039062,0.0,0.0,45.095114972702696,101.03860789924609,111.93386430619047,0.0,0.0
/Users/chocoplot/Documents/codeLAB/signal_Recognition/python/Proyecto/datasets/Dataset_Final_3Clases_Train/02_MKAcetaminofen/00007_mkACE_resized._aug3.JPEG,6.046600341796875,99.0179443359375,1.564178466796875,0.0,0.0,38.79847563326148,124.27800491297423,19.91027008247784,0.0,0.0
/Users/chocoplot/Documents/codeLAB/signal_Recognition/python/Proyecto/datasets/Dataset_Final_3Clases_Train/02_MKAcetaminofen/00019_mkACE_resized._aug2.JPEG,10.159378051757812,33.38859558105469,37.99552917480469,0.0,0.0,49.87412596527085,86.0191464634108,90.80308200882699,0.0,0.0
/Users/chocoplot/Documents/codeLAB/signal_Recognition/python/Proyecto/datasets/Dataset_Final_3Clases_Train/02_MKAcetaminofen/00001_mkACE_resized._aug1.JPEG,0.210113525390625,105.03341674804688,5.2489471435546875,0.0,0.0,7.316747999012764,125.50499048636695,36.20676836574364,0.0,0.0
/Users/chocoplot/Documents/codeLAB/signal_Recognition/python/Proyecto/datasets/Dataset_Final_3Clases_Train/02_MKAcetaminofen/00022_mkACE_resized._aug2.JPEG,6.70806884765625,48.01872253417969,20.182571411132812,0.0,0.0,40.81126521547019,99.69441575334741,68.84198952001164,0.0,0.0
/Users/chocoplot/Documents/codeLAB/signal_Recognition/python/Proyecto/datasets/Dataset_Final_3Clases_Train/02_MKAcetaminofen/00015_mkACE_resized._aug2.JPEG,9.669113159179688,46.25221252441406,71.69929504394531,0.0,0.0,48.70453886760246,98.26009887193285,114.64087982219664,0.0,0.0
/Users/chocoplot/Documents/codeLAB/signal_Recognition/python/Proyecto/datasets/Dataset_Final_3Clases_Train/02_MKAcetaminofen/00005_mkACE_resized._aug1.JPEG,0.381317138671875,82.00653076171875,36.78153991699219,0.0,0.0,9.853449528012169,119.10749034660061,89.59023942465898,0.0,0.0
/Users/chocoplot/Documents/codeLAB/signal_Recognition/python/Proyecto/datasets/Dataset_Final_3Clases_Train/02_MKAcetaminofen/00020_mkACE_resized.JPEG,7.51739501953125,34.302978515625,40.81260681152344,0.0,0.0,43.1326384783124,87.00899485938764,93.49623448132266,0.0,0.0
/Users/chocoplot/Documents/codeLAB/signal_Recognition/python/Proyecto/datasets/Dataset_Final_3Clases_Train/02_MKAcetaminofen/00023_mkACE_resized.JPEG,4.6380615234375,51.617889404296875,41.30287170410156,0.0,0.0,34.076297829743346,102.46050600861524,93.94841708906236,0.0,0.0
/Users/chocoplot/Documents/codeLAB/signal_Recognition/python/Proyecto/datasets/Dataset_Final_3Clases_Train/02_MKAcetaminofen/00022_mkACE_resized._aug3.JPEG,6.0193634033203125,51.8902587890625,23.256454467773438,0.0,0.0,38.713110596611166,102.66166292250998,73.41344028766537,0.0,0.0
/Users/chocoplot/Documents/codeLAB/signal_Recognition/python/Proyecto/datasets/Dataset_Final_3Clases_Train/02_MKAcetaminofen/00015_mkACE_resized._aug3.JPEG,8.890914916992188,41.703643798828125,63.975677490234375,0.0,0.0,46.77750459111531,94.31455488206281,110.5482268047538,0.0,0.0
/Users/chocoplot/Documents/codeLAB/signal_Recognition/python/Proyecto/datasets/Dataset_Final_3Clases_Train/02_MKAcetaminofen/00023_mkACE_resized._aug4.JPEG,5.0310516357421875,48.60237121582031,32.32635498046875,0.0,0.0,35.46275069072834,100.15694769826895,84.84236732727497,0.0,0.0
/Users/chocoplot/Documents/codeLAB/signal_Recognition/python/Proyecto/datasets/Dataset_Final_3Clases_Train/02_MKAcetaminofen/00014_mkACE_resized._aug4.JPEG,8.972625732421875,42.84759521484375,66.12739562988281,0.0,0.0,46.984162749095134,95.34264714224194,111.75711804099582,0.0,0.0
/Users/chocoplot/Documents/codeLAB/signal_Recognition/python/Proyecto/datasets/Dataset_Final_3Clases_Train/02_MKAcetaminofen/00007_mkACE_resized._aug2.JPEG,5.12054443359375,100.84671020507812,1.4007568359375,0.0,0.0,35.770362805959884,124.68300663325341,18.847569430848022,0.0,0.0
/Users/chocoplot/Documents/codeLAB/signal_Recognition/python/Proyecto/datasets/Dataset_Final_3Clases_Train/02_MKAcetaminofen/00019_mkACE_resized._aug3.JPEG,8.599090576171875,31.396408081054688,34.56756591796875,0.0,0.0,46.03068257354675,83.78752663897431,87.29153851083687,0.0,0.0
/Users/chocoplot/Documents/codeLAB/signal_Recognition/python/Proyecto/datasets/Dataset_Final_3Clases_Train/02_MKAcetaminofen/00013_mkACE_resized._aug1.JPEG,8.365631103515625,18.338241577148438,77.15057373046875,0.0,0.0,45.423035429574455,65.87837655886031,117.13746315474413,0.0,0.0
/Users/chocoplot/Documents/codeLAB/signal_Recognition/python/Proyecto/datasets/Dataset_Final_3Clases_Train/02_MKAcetaminofen/00003_mkACE_resized.jpeg,8.353958129882812,64.18190002441406,71.17401123046875,0.0,0.0,45.39240802914384,110.66647286094242,114.38370945696174,0.0,0.0
/Users/chocoplot/Documents/codeLAB/signal_Recognition/python/Proyecto/datasets/Dataset_Final_3Clases_Train/02_MKAcetaminofen/00018_mkACE_resized._aug4.JPEG,10.859756469726562,30.590972900390625,30.36529541015625,0.0,0.0,51.49081072578393,82.85463455116543,82.58994590289903,0.0,0.0
/Users/chocoplot/Documents/codeLAB/signal_Recognition/python/Proyecto/datasets/Dataset_Final_3Clases_Train/02_MKAcetaminofen/00017_mkACE_resized._aug1.JPEG,9.567947387695312,27.684402465820312,72.86270141601562,0.0,0.0,48.45906485528378,79.32903937962858,115.19989411212381,0.0,0.0
/Users/chocoplot/Documents/codeLAB/signal_Recognition/python/Proyecto/datasets/Dataset_Final_3Clases_Train/02_MKAcetaminofen/00020_mkACE_resized._aug1.JPEG,10.435638427734375,34.8321533203125,31.910018920898438,0.0,0.0,50.51915725423237,87.57237116665239,84.37301415320543,0.0,0.0
/Users/chocoplot/Documents/codeLAB/signal_Recognition/python/Proyecto/datasets/Dataset_Final_3Clases_Train/02_MKAcetaminofen/00003_mkACE_resized._aug2.JPEG,11.132125854492188,58.39210510253906,64.32197570800781,0.0,0.0,52.10343430960434,107.14638987311469,110.74649992916456,0.0,0.0
/Users/chocoplot/Documents/codeLAB/signal_Recognition/python/Proyecto/datasets/Dataset_Final_3Clases_Train/02_MKAcetaminofen/00013_mkACE_resized.JPEG,8.229446411132812,24.5599365234375,80.76530456542969,0.0,0.0,45.06423245330115,75.23026871839076,118.6259593960696,0.0,0.0
/Users/chocoplot/Documents/codeLAB/signal_Recognition/python/Proyecto/datasets/Dataset_Final_3Clases_Train/02_MKAcetaminofen/00023_mkACE_resized._aug3.JPEG,5.315093994140625,49.4000244140625,34.19792175292969,0.0,0.0,36.42936651026627,100.78017569679052,86.89633015713362,0.0,0.0
/Users/chocoplot/Documents/codeLAB/signal_Recognition/python/Proyecto/datasets/Dataset_Final_3Clases_Train/02_MKAcetaminofen/00014_mkACE_resized._aug3.JPEG,11.2060546875,42.56355285644531,66.85890197753906,0.0,0.0,52.268233982537225,95.08969421882763,112.15572758727164,0.0,0.0
/Users/chocoplot/Documents/codeLAB/signal_Recognition/python/Proyecto/datasets/Dataset_Final_3Clases_Train/02_MKAcetaminofen/00022_mkACE_resized._aug4.JPEG,5.914306640625,46.108245849609375,23.33038330078125,0.0,0.0,38.381885966169435,98.14088014850066,73.5183035491016,0.0,0.0
/Users/chocoplot/Documents/codeLAB/signal_Recognition/python/Proyecto/datasets/Dataset_Final_3Clases_Train/02_MKAcetaminofen/00005_mkACE_resized.jpeg,0.459136962890625,75.55915832519531,41.4935302734375,0.0,0.0,10.810602147263442,116.44053832799328,94.12298956776654,0.0,0.0
/Users/chocoplot/Documents/codeLAB/signal_Recognition/python/Proyecto/datasets/Dataset_Final_3Clases_Train/02_MKAcetaminofen/00015_mkACE_resized._aug4.JPEG,8.84033203125,45.42732238769531,61.38038635253906,0.0,0.0,46.649042836332725,97.57215581069582,109.01580936318594,0.0,0.0
/Users/chocoplot/Documents/codeLAB/signal_Recognition/python/Proyecto/datasets/Dataset_Final_3Clases_Train/02_MKAcetaminofen/00008_mkACE_resized.jpeg,3.2567596435546875,69.64874267578125,45.672454833984375,0.0,0.0,28.633323693391915,113.61990154021005,97.77782392804451,0.0,0.0
/Users/chocoplot/Documents/codeLAB/signal_Recognition/python/Proyecto/datasets/Dataset_Final_3Clases_Train/02_MKAcetaminofen/00011_mkACE_resized._aug4.JPEG,7.95318603515625,47.20550537109375,61.42707824707031,0.0,0.0,44.326169142562264,99.04061859807089,109.04411497660583,0.0,0.0
/Users/chocoplot/Documents/codeLAB/signal_Recognition/python/Proyecto/datasets/Dataset_Final_3Clases_Train/02_MKAcetaminofen/00018_mkACE_resized.JPEG,9.626312255859375,35.07728576660156,44.30671691894531,0.0,0.0,48.60086149027435,87.83104174340397,96.618464333664,0.0,0.0
/Users/chocoplot/Documents/codeLAB/signal_Recognition/python/Proyecto/datasets/Dataset_Final_3Clases_Train/02_MKAcetaminofen/00015_mkACE_resized.JPEG,8.35784912109375,50.59844970703125,65.35697937011719,0.0,0.0,45.40261979168095,101.69759860752858,111.3305662744691,0.0,0.0
/Users/chocoplot/Documents/codeLAB/signal_Recognition/python/Proyecto/datasets/Dataset_Final_3Clases_Train/02_MKAcetaminofen/00009_mkACE_resized_aug2.JPEG,3.0544281005859375,76.08833312988281,45.361175537109375,0.0,0.0,27.740757643362322,116.67514949480928,97.51647817602131,0.0,0.0
/Users/chocoplot/Documents/codeLAB/signal_Recognition/python/Proyecto/datasets/Dataset_Final_3Clases_Train/02_MKAcetaminofen/00008_mkACE_resized._aug0.JPEG,2.6458740234375,74.79263305664062,49.48951721191406,0.0,0.0,25.839837976052813,116.09557902822169,100.84946492257531,0.0,0.0
/Users/chocoplot/Documents/codeLAB/signal_Recognition/python/Proyecto/datasets/Dataset_Final_3Clases_Train/02_MKAcetaminofen/00021_mkACE_resized._aug1.JPEG,11.353912353515625,22.672805786132812,57.77732849121094,0.0,0.0,52.59597251135461,72.57760917285833,106.74736098694662,0.0,0.0
/Users/chocoplot/Documents/codeLAB/signal_Recognition/python/Proyecto/datasets/Dataset_Final_3Clases_Train/02_MKAcetaminofen/00018_mkACE_resized._aug3.JPEG,9.828643798828125,32.458648681640625,38.839874267578125,0.0,0.0,49.08871489229403,84.99053794146845,91.62768198045362,0.0,0.0
/Users/chocoplot/Documents/codeLAB/signal_Recognition/python/Proyecto/datasets/Dataset_Final_3Clases_Train/02_MKAcetaminofen/00012_mkACE_resized._aug1.JPEG,7.3345184326171875,38.57917785644531,57.50885009765625,0.0,0.0,42.62050022793,91.37470869619402,106.57152028261419,0.0,0.0
/Users/chocoplot/Documents/codeLAB/signal_Recognition/python/Proyecto/datasets/Dataset_Final_3Clases_Train/02_MKAcetaminofen/00019_mkACE_resized._aug4.JPEG,10.478439331054688,33.18626403808594,34.2095947265625,0.0,0.0,50.618221408938815,85.79725641829323,86.90886194121855,0.0,0.0
/Users/chocoplot/Documents/codeLAB/signal_Recognition/python/Proyecto/datasets/Dataset_Final_3Clases_Train/02_MKAcetaminofen/00007_mkACE_resized._aug4.JPEG,6.0349273681640625,103.49258422851562,1.63421630859375,0.0,0.0,38.761915981318836,125.21938343553319,20.34832906526068,0.0,0.0
/Users/chocoplot/Documents/codeLAB/signal_Recognition/python/Proyecto/datasets/Dataset_Final_3Clases_Train/02_MKAcetaminofen/00012_mkACE_resized._aug0.JPEG,7.5991058349609375,43.182220458984375,60.707244873046875,0.0,0.0,43.359261737535405,95.63870583227633,108.60468619056397,0.0,0.0
/Users/chocoplot/Documents/codeLAB/signal_Recognition/python/Proyecto/datasets/Dataset_Final_3Clases_Train/02_MKAcetaminofen/00016_mkACE_resized._aug0.JPEG,9.82086181640625,40.334014892578125,68.3880615234375,0.0,0.0,49.070056412914866,93.05020709408824,112.96914945923551,0.0,0.0
/Users/chocoplot/Documents/codeLAB/signal_Recognition/python/Proyecto/datasets/Dataset_Final_3Clases_Train/02_MKAcetaminofen/00009_mkACE_resized.jpg,3.06610107421875,69.74212646484375,45.83976745605469,0.0,0.0,27.793071045288535,113.6674009762557,97.9176001588518,0.0,0.0
/Users/chocoplot/Documents/codeLAB/signal_Recognition/python/Proyecto/datasets/Dataset_Final_3Clases_Train/02_MKAcetaminofen/00008_mkACE_resized._aug1.JPEG,3.1478118896484375,79.55131530761719,44.36119079589844,0.0,0.0,28.156408012524246,118.14048263093585,96.66534231110961,0.0,0.0
/Users/chocoplot/Documents/codeLAB/signal_Recognition/python/Proyecto/datasets/Dataset_Final_3Clases_Train/02_MKAcetaminofen/00021_mkACE_resized._aug0.JPEG,11.062088012695312,23.408203125,59.67613220214844,0.0,0.0,51.94672898303306,73.62844439028805,107.96375760846578,0.0,0.0
/Users/chocoplot/Documents/codeLAB/signal_Recognition/python/Proyecto/datasets/Dataset_Final_3Clases_Train/02_MKAcetaminofen/00003_mkACE_resized._aug4.JPEG,12.462844848632812,61.983489990234375,64.45426940917969,0.0,0.0,54.97911362217723,109.37932581681184,110.82186541594444,0.0,0.0
/Users/chocoplot/Documents/codeLAB/signal_Recognition/python/Proyecto/datasets/Dataset_Final_3Clases_Train/02_MKAcetaminofen/00009_mkACE_resized_aug3.JPEG,2.054443359375,71.36466979980469,45.688018798828125,0.0,0.0,22.796103156542895,114.4773982204131,97.7908468719803,0.0,0.0
/Users/chocoplot/Documents/codeLAB/signal_Recognition/python/Proyecto/datasets/Dataset_Final_3Clases_Train/02_MKAcetaminofen/00016_mkACE_resized.JPEG,7.5601959228515625,44.64134216308594,64.41925048828125,0.0,0.0,43.25151324445478,96.90558715298721,110.8019360888599,0.0,0.0
/Users/chocoplot/Documents/codeLAB/signal_Recognition/python/Proyecto/datasets/Dataset_Final_3Clases_Train/02_MKAcetaminofen/00004_mkACE_resized._aug1.JPEG,7.1010589599609375,200.4327392578125,1.88323974609375,0.0038909912109375,0.0,41.95646549028168,104.5804262008524,21.83299208337325,0.9960861503788008,0.0
/Users/chocoplot/Documents/codeLAB/signal_Recognition/python/Proyecto/datasets/Dataset_Final_3Clases_Train/02_MKAcetaminofen/00023_mkACE_resized._aug2.JPEG,6.14776611328125,51.112060546875,29.100723266601562,0.0,0.0,39.11374861481714,102.08394930695867,81.07917327121727,0.0,0.0
/Users/chocoplot/Documents/codeLAB/signal_Recognition/python/Proyecto/datasets/Dataset_Final_3Clases_Train/02_MKAcetaminofen/00014_mkACE_resized._aug2.JPEG,8.88702392578125,47.24830627441406,63.88618469238281,0.0,0.0,46.76763738758684,99.07530294768091,110.49675335505731,0.0,0.0
/Users/chocoplot/Documents/codeLAB/signal_Recognition/python/Proyecto/datasets/Dataset_Final_3Clases_Train/02_MKAcetaminofen/00004_mkACE_resized._aug2.JPEG,7.509613037109375,190.5846405029297,1.8793487548828125,0.0,0.0,43.1109851023584,110.79972081470298,21.81059331500722,0.0,0.0
/Users/chocoplot/Documents/codeLAB/signal_Recognition/python/Proyecto/datasets/Dataset_Final_3Clases_Train/02_MKAcetaminofen/00014_mkACE_resized._aug1.JPEG,11.723556518554688,42.28340148925781,68.3880615234375,0.0,0.0,53.40472951703528,94.83871223429266,112.96914945923551,0.0,0.0
/Users/chocoplot/Documents/codeLAB/signal_Recognition/python/Proyecto/datasets/Dataset_Final_3Clases_Train/02_MKAcetaminofen/00023_mkACE_resized._aug1.JPEG,5.252838134765625,55.08087158203125,37.26402282714844,0.0,0.0,36.219903587602026,104.93674208389429,90.07618122267735,0.0,0.0
/Users/chocoplot/Documents/codeLAB/signal_Recognition/python/Proyecto/datasets/Dataset_Final_3Clases_Train/02_MKAcetaminofen/00007_mkACE_resized.jpeg,4.863739013671875,88.34884643554688,1.07391357421875,0.0894927978515625,0.0,34.879757615172934,121.3401713142544,16.51346938292768,4.776259466494794,0.0
/Users/chocoplot/Documents/codeLAB/signal_Recognition/python/Proyecto/datasets/Dataset_Final_3Clases_Train/02_MKAcetaminofen/00012_mkACE_resized._aug3.JPEG,7.322845458984375,44.39231872558594,62.52433776855469,0.0,0.0,42.58757478918995,96.69210574390448,109.70147363451929,0.0,0.0
/Users/chocoplot/Documents/codeLAB/signal_Recognition/python/Proyecto/datasets/Dataset_Final_3Clases_Train/02_MKAcetaminofen/00018_mkACE_resized._aug1.JPEG,14.112625122070312,35.22514343261719,28.62213134765625,0.0,0.0,58.30568770104542,87.9863673842086,80.49482648450059,0.0,0.0
/Users/chocoplot/Documents/codeLAB/signal_Recognition/python/Proyecto/datasets/Dataset_Final_3Clases_Train/02_MKAcetaminofen/00017_mkACE_resized.JPEG,9.194412231445312,30.871124267578125,76.70700073242188,0.0,0.0,47.539855939377894,83.18119002928589,116.94580465071762,0.0,0.0
/Users/chocoplot/Documents/codeLAB/signal_Recognition/python/Proyecto/datasets/Dataset_Final_3Clases_Train/02_MKAcetaminofen/00021_mkACE_resized._aug3.JPEG,7.6924896240234375,19.692306518554688,60.52436828613281,0.0,0.0,43.61663051532372,68.07166243166634,108.49200319161052,0.0,0.0
/Users/chocoplot/Documents/codeLAB/signal_Recognition/python/Proyecto/datasets/Dataset_Final_3Clases_Train/02_MKAcetaminofen/00008_mkACE_resized._aug2.JPEG,3.7781524658203125,77.62138366699219,42.38067626953125,0.0,0.0,30.808350211090428,117.3387132736021,94.92602766189924,0.0,0.0
/Users/chocoplot/Documents/codeLAB/signal_Recognition/python/Proyecto/datasets/Dataset_Final_3Clases_Train/02_MKAcetaminofen/00020_mkACE_resized._aug4.JPEG,11.980361938476562,33.369140625,28.09295654296875,0.0,0.0,53.95797644588449,85.99785644609972,79.84040149656,0.0,0.0
/Users/chocoplot/Documents/codeLAB/signal_Recognition/python/Proyecto/datasets/Dataset_Final_3Clases_Train/02_MKAcetaminofen/00017_mkACE_resized._aug4.JPEG,10.87921142578125,25.88287353515625,83.15437316894531,0.0,0.0,51.53485880767861,77.00785420350286,119.53959754391363,0.0,0.0
/Users/chocoplot/Documents/codeLAB/signal_Recognition/python/Proyecto/datasets/Dataset_Final_3Clases_Train/02_MKAcetaminofen/00009_mkACE_resized_aug0.JPEG,2.964935302734375,78.78089904785156,49.03816223144531,0.0,0.0,27.33619689803,117.82486665561888,100.49870652889521,0.0,0.0
/Users/chocoplot/Documents/codeLAB/signal_Recognition/python/Proyecto/datasets/Dataset_Final_3Clases_Train/02_MKAcetaminofen/00009_mkACE_resized_aug1.JPEG,3.058319091796875,78.43070983886719,45.843658447265625,0.0,0.0,27.75820694391037,117.67945769369672,97.92084499340876,0.0,0.0
/Users/chocoplot/Documents/codeLAB/signal_Recognition/python/Proyecto/datasets/Dataset_Final_3Clases_Train/02_MKAcetaminofen/00019_mkACE_resized.JPEG,7.5135040283203125,34.57923889160156,44.02656555175781,0.0,0.0,43.12181332502257,87.30396414273494,96.37653107170343,0.0,0.0
/Users/chocoplot/Documents/codeLAB/signal_Recognition/python/Proyecto/datasets/Dataset_Final_3Clases_Train/02_MKAcetaminofen/00021_mkACE_resized._aug2.JPEG,7.73529052734375,19.116439819335938,55.54389953613281,0.0,0.0,43.73401839449746,67.1509782696006,105.25478424296851,0.0,0.0
/Users/chocoplot/Documents/codeLAB/signal_Recognition/python/Proyecto/datasets/Dataset_Final_3Clases_Train/02_MKAcetaminofen/00008_mkACE_resized._aug3.JPEG,2.7509307861328125,76.18560791015625,49.77745056152344,0.0,0.0,26.342356202013782,116.7179641891075,101.0715356011947,0.0,0.0
/Users/chocoplot/Documents/codeLAB/signal_Recognition/python/Proyecto/datasets/Dataset_Final_3Clases_Train/02_MKAcetaminofen/00014_mkACE_resized.JPEG,8.820877075195312,49.73854064941406,68.39973449707031,0.0,0.0,46.599525553369084,101.04160251929484,112.97525666039985,0.0,0.0
/Users/chocoplot/Documents/codeLAB/signal_Recognition/python/Proyecto/datasets/Dataset_Final_3Clases_Train/02_MKAcetaminofen/00004_mkACE_resized.jpeg,7.2100067138671875,196.89971923828125,1.431884765625,0.2996063232421875,0.0,42.26780707846248,106.95760360838183,19.054666652879185,8.735550839977472,0.0
/Users/chocoplot/Documents/codeLAB/signal_Recognition/python/Proyecto/datasets/Dataset_Final_3Clases_Train/02_MKAcetaminofen/00018_mkACE_resized._aug0.JPEG,15.182647705078125,34.925537109375,27.559890747070312,0.0,0.0,60.341216207981816,87.6710831489625,79.17211985612408,0.0,0.0
/Users/chocoplot/Documents/codeLAB/signal_Recognition/python/Proyecto/datasets/Dataset_Final_3Clases_Train/02_MKAcetaminofen/00014_mkACE_resized._aug0.JPEG,9.766387939453125,46.10435485839844,67.01454162597656,0.0,0.0,48.93921322596688,98.13765307965376,112.23974040100181,0.0,0.0
/Users/chocoplot/Documents/codeLAB/signal_Recognition/python/Proyecto/datasets/Dataset_Final_3Clases_Train/02_MKAcetaminofen/00023_mkACE_resized._aug0.JPEG,6.3851165771484375,47.48954772949219,28.90228271484375,0.0,0.0,39.842628094405065,99.27022477797051,80.83773961558055,0.0,0.0
/Users/chocoplot/Documents/codeLAB/signal_Recognition/python/Proyecto/datasets/Dataset_Final_3Clases_Train/02_MKAcetaminofen/00019_mkACE_resized._aug0.JPEG,11.435623168945312,24.054107666015625,34.528656005859375,0.0,0.0,52.77604031015339,74.53319635723207,87.25009567859036,0.0,0.0
/Users/chocoplot/Documents/codeLAB/signal_Recognition/python/Proyecto/datasets/Dataset_Final_3Clases_Train/02_MKAcetaminofen/00013_mkACE_resized._aug2.JPEG,7.9882049560546875,20.131988525390625,78.80035400390625,0.0,0.0,44.420500282797455,68.763072298932,117.83290915468034,0.0,0.0
/Users/chocoplot/Documents/codeLAB/signal_Recognition/python/Proyecto/datasets/Dataset_Final_3Clases_Train/02_MKAcetaminofen/00007_mkACE_resized._aug1.JPEG,7.4745941162109375,96.69113159179688,2.13226318359375,0.0,0.0,43.01339259383865,123.72171849520205,23.220261960888745,0.0,0.0
/Users/chocoplot/Documents/codeLAB/signal_Recognition/python/Proyecto/datasets/Dataset_Final_3Clases_Train/02_MKAcetaminofen/00022_mkACE_resized.JPEG,4.7509002685546875,52.43499755859375,32.474212646484375,0.0,0.0,34.480552709022696,103.06063947245657,85.00793926360308,0.0,0.0
/Users/chocoplot/Documents/codeLAB/signal_Recognition/python/Proyecto/datasets/Dataset_Final_3Clases_Train/02_MKAcetaminofen/00008_mkACE_resized._aug4.JPEG,3.6536407470703125,76.9482421875,41.00715637207031,0.0,0.0,30.30394858420726,117.05028740702154,93.6762403235447,0.0,0.0
/Users/chocoplot/Documents/codeLAB/signal_Recognition/python/Proyecto/datasets/Dataset_Final_3Clases_Train/02_MKAcetaminofen/00003_mkACE_resized._aug1.JPEG,10.042648315429688,56.800689697265625,64.48928833007812,0.0,0.0,49.598594085388825,106.10305142981363,110.84178009599977,0.0,0.0
/Users/chocoplot/Documents/codeLAB/signal_Recognition/python/Proyecto/datasets/Dataset_Final_3Clases_Train/02_MKAcetaminofen/00020_mkACE_resized._aug2.JPEG,11.198272705078125,34.2095947265625,30.50537109375,0.0,0.0,52.25091605146865,86.90886194121855,82.75440751608855,0.0,0.0
/Users/chocoplot/Documents/codeLAB/signal_Recognition/python/Proyecto/datasets/Dataset_Final_3Clases_Train/02_MKAcetaminofen/00017_mkACE_resized._aug2.JPEG,10.602951049804688,23.711700439453125,76.07666015625,0.0,0.0,50.9051072755538,74.05564714679215,116.67000522548284,0.0,0.0
/Users/chocoplot/Documents/codeLAB/signal_Recognition/python/Proyecto/datasets/Dataset_Final_3Clases_Train/02_MKAcetaminofen/00012_mkACE_resized.JPEG,6.5679931640625,39.2523193359375,55.073089599609375,0.0,0.0,40.39430309626304,92.02497952954756,104.9313711425415,0.0,0.0
/Users/chocoplot/Documents/codeLAB/signal_Recognition/python/Proyecto/datasets/Dataset_Final_3Clases_Train/02_MKAcetaminofen/00005_mkACE_resized._aug3.JPEG,0.5097198486328125,75.42686462402344,41.065521240234375,0.0,0.0,11.389413816227634,116.38143568505768,93.73009592189493,0.0,0.0
/Users/chocoplot/Documents/codeLAB/signal_Recognition/python/Proyecto/datasets/Dataset_Final_3Clases_Train/02_MKAcetaminofen/00002_mkACE_resized.jpeg,0.2529144287109375,104.44976806640625,8.536834716796875,0.0,0.0,8.026781024360817,125.39911007581966,45.86954660557803,0.0,0.0
/Users/chocoplot/Documents/codeLAB/signal_Recognition/python/Proyecto/datasets/Dataset_Final_3Clases_Train/02_MKAcetaminofen/00015_mkACE_resized._aug0.JPEG,9.739151000976562,46.59461975097656,70.82382202148438,0.0,0.0,48.873637505604194,98.54222164514523,114.2105986752001,0.0,0.0
/Users/chocoplot/Documents/codeLAB/signal_Recognition/python/Proyecto/datasets/Dataset_Final_3Clases_Train/02_MKAcetaminofen/00022_mkACE_resized._aug0.JPEG,4.71588134765625,51.59065246582031,28.1396484375,0.0,0.0,34.35564301198817,102.44032876233426,79.89850147140686,0.0,0.0
/Users/chocoplot/Documents/codeLAB/signal_Recognition/python/Proyecto/datasets/Dataset_Final_3Clases_Train/02_MKAcetaminofen/00001_mkACE_resized._aug3.JPEG,0.225677490234375,101.2591552734375,6.357879638671875,0.0,0.0,7.582666396470779,124.77046152049145,39.75973684975153,0.0,0.0
/Users/chocoplot/Documents/codeLAB/signal_Recognition/python/Proyecto/datasets/Dataset_Final_3Clases_Train/02_MKAcetaminofen/00022_mkACE_resized._aug1.JPEG,4.210052490234375,51.42723083496094,31.334152221679688,0.0,0.0,32.493673892609266,102.31902946941337,83.71606608696402,0.0,0.0
/Users/chocoplot/Documents/codeLAB/signal_Recognition/python/Proyecto/datasets/Dataset_Final_3Clases_Train/02_MKAcetaminofen/00001_mkACE_resized.jpeg,0.3424072265625,104.16572570800781,8.925933837890625,0.0,0.0,9.33791197563113,125.34656614070475,46.8662014012626,0.0,0.0
/Users/chocoplot/Documents/codeLAB/signal_Recognition/python/Proyecto/datasets/Dataset_Final_3Clases_Train/02_MKAcetaminofen/00011_mkACE_resized.JPEG,7.4979400634765625,44.96818542480469,59.70726013183594,0.0,0.0,43.07848199497095,97.18410149260824,107.98330621520827,0.0,0.0
/Users/chocoplot/Documents/codeLAB/signal_Recognition/python/Proyecto/datasets/Dataset_Final_3Clases_Train/02_MKAcetaminofen/00021_mkACE_resized.JPEG,7.711944580078125,20.937423706054688,62.450408935546875,0.0,0.0,43.670032959842445,70.00476650626787,109.65765227446474,0.0,0.0
/Users/chocoplot/Documents/codeLAB/signal_Recognition/python/Proyecto/datasets/Dataset_Final_3Clases_Train/02_MKAcetaminofen/00003_mkACE_resized._aug0.JPEG,8.583526611328125,55.48164367675781,62.02629089355469,0.0,0.0,45.99045941063531,105.21219678582194,109.40495151429198,0.0,0.0
/Users/chocoplot/Documents/codeLAB/signal_Recognition/python/Proyecto/datasets/Dataset_Final_3Clases_Train/02_MKAcetaminofen/00020_mkACE_resized._aug3.JPEG,10.400619506835938,37.3223876953125,34.73487854003906,0.0,0.0,50.43793302780347,90.13461177053726,87.46932171063575,0.0,0.0
/Users/chocoplot/Documents/codeLAB/signal_Recognition/python/Proyecto/datasets/Dataset_Final_3Clases_Train/02_MKAcetaminofen/00017_mkACE_resized._aug3.JPEG,13.6962890625,17.988052368164062,79.51240539550781,0.0,0.0,57.488828278665956,65.2945887948,118.1246831279344,0.0,0.0
/Users/chocoplot/Documents/codeLAB/signal_Recognition/python/Proyecto/datasets/Dataset_Final_3Clases_Train/02_MKAcetaminofen/00021_mkACE_resized._aug4.JPEG,8.743057250976562,20.151443481445312,56.13533020019531,0.0,0.0,46.40084642444758,68.7934401915086,105.65667941197492,0.0,0.0
/Users/chocoplot/Documents/codeLAB/signal_Recognition/python/Proyecto/datasets/Dataset_Final_3Clases_Train/02_MKAcetaminofen/00016_mkACE_resized._aug4.JPEG,9.256668090820312,49.314422607421875,71.86660766601562,0.0,0.0,47.69449086650961,100.71378002929478,114.72216724510119,0.0,0.0
/Users/chocoplot/Documents/codeLAB/signal_Recognition/python/Proyecto/datasets/Dataset_Final_3Clases_Train/02_MKAcetaminofen/00013_mkACE_resized._aug3.JPEG,9.762496948242188,18.622283935546875,85.88973999023438,0.0,0.0,48.92985157485479,66.34676287949794,120.5190286300039,0.0,0.0
/Users/chocoplot/Documents/codeLAB/signal_Recognition/python/Proyecto/datasets/Dataset_Final_3Clases_Train/02_MKAcetaminofen/00019_mkACE_resized._aug1.JPEG,8.894805908203125,29.112396240234375,35.68817138671875,0.0,0.0,46.7873693901163,81.09333774368491,88.46941916100427,0.0,0.0
/Users/chocoplot/Documents/codeLAB/signal_Recognition/python/Proyecto/datasets/Dataset_Final_3Clases_Train/02_MKAcetaminofen/00007_mkACE_resized._aug0.JPEG,5.1361083984375,95.51216125488281,1.299591064453125,0.0,0.0,35.82356810985001,123.42215430147206,18.1578298400646,0.0,0.0
/Users/chocoplot/Documents/codeLAB/signal_Recognition/python/Proyecto/datasets/Dataset_Final_3Clases_Train/03_GenfarAcetaminofen/00022_genfarACE_resized._aug3.JPEG,0.0,0.0,0.07781982421875,120.52345275878906,0.972747802734375,0.0,0.0,4.45398689386709,127.30898549824028,15.71955633628192
/Users/chocoplot/Documents/codeLAB/signal_Recognition/python/Proyecto/datasets/Dataset_Final_3Clases_Train/03_GenfarAcetaminofen/00005_genfarACE_resized._aug2.JPEG,0.0,0.0038909912109375,0.0038909912109375,184.9816131591797,15.493927001953125,0.0,0.9960861503788008,0.9960861503788008,113.80735542406045,60.91707159373466
/Users/chocoplot/Documents/codeLAB/signal_Recognition/python/Proyecto/datasets/Dataset_Final_3Clases_Train/03_GenfarAcetaminofen/00014_genfarACE_resized.JPEG,2.7587127685546875,0.1517486572265625,1.875457763671875,40.24452209472656,10.937576293945312,26.37918231943626,6.2187522814310086,21.78817082531278,92.9662926846195,51.666733782678584
/Users/chocoplot/Documents/codeLAB/signal_Recognition/python/Proyecto/datasets/Dataset_Final_3Clases_Train/03_GenfarAcetaminofen/00015_genfarACE_resized._aug4.JPEG,2.6886749267578125,0.225677490234375,0.1517486572265625,51.65290832519531,0.101165771484375,26.045789169488916,7.582666396470779,6.2187522814310086,102.4864317091476,5.078093856477605
/Users/chocoplot/Documents/codeLAB/signal_Recognition/python/Proyecto/datasets/Dataset_Final_3Clases_Train/03_GenfarAcetaminofen/00021_genfarACE_resized._aug2.JPEG,1.431884765625,0.5719757080078125,0.2217864990234375,61.781158447265625,47.44285583496094,19.054666652879185,12.063442681566533,7.51707177029909,109.25787781650618,99.23257362448155
/Users/chocoplot/Documents/codeLAB/signal_Recognition/python/Proyecto/datasets/Dataset_Final_3Clases_Train/03_GenfarAcetaminofen/00013_genfarACE_resized._aug3.JPEG,1.5758514404296875,0.29571533203125,1.7937469482421875,50.08094787597656,7.5057220458984375,19.983963809696665,8.678707398591705,21.311685613471067,101.30419718954265,43.10015380800648
/Users/chocoplot/Documents/codeLAB/signal_Recognition/python/Proyecto/datasets/Dataset_Final_3Clases_Train/03_GenfarAcetaminofen/00006_genfarACE_resized._aug3.JPEG,0.0,0.0116729736328125,0.0,195.49896240234375,14.929733276367188,0.0,1.7252454950104217,0.0,107.85356328005413,59.86806368816489
/Users/chocoplot/Documents/codeLAB/signal_Recognition/python/Proyecto/datasets/Dataset_Final_3Clases_Train/03_GenfarAcetaminofen/00007_genfarACE_resized._aug0.JPEG,0.0,0.0,0.0038909912109375,184.92324829101562,19.026947021484375,0.0,0.0,0.9960861503788008,113.83681546717816,67.00631893724757
/Users/chocoplot/Documents/codeLAB/signal_Recognition/python/Proyecto/datasets/Dataset_Final_3Clases_Train/03_GenfarAcetaminofen/00020_genfarACE_resized._aug1.JPEG,5.610809326171875,2.015533447265625,0.054473876953125,35.00335693359375,63.16246032714844,37.406887024706705,22.580935631095713,3.726643425359686,87.75318240067331,110.07693213768383
/Users/chocoplot/Documents/codeLAB/signal_Recognition/python/Proyecto/datasets/Dataset_Final_3Clases_Train/03_GenfarAcetaminofen/00022_genfarACE_resized.JPEG,5.9104156494140625,0.4630279541015625,0.1439666748046875,105.25131225585938,1.766510009765625,38.36955795225881,10.856230165652299,6.05729111664125,125.54380069785894,21.150401766293523
/Users/chocoplot/Documents/codeLAB/signal_Recognition/python/Proyecto/datasets/Dataset_Final_3Clases_Train/03_GenfarAcetaminofen/00013_genfarACE_resized.JPEG,2.451324462890625,0.708160400390625,4.2995452880859375,46.30668640136719,7.9259490966796875,24.881293101740983,13.419367009919952,32.83135633472385,98.30511597508071,44.252642300434026
/Users/chocoplot/Documents/codeLAB/signal_Recognition/python/Proyecto/datasets/Dataset_Final_3Clases_Train/03_GenfarAcetaminofen/00004_genfarACE_resized._aug1.JPEG,0.0,0.0,0.1828765869140625,90.09201049804688,0.01556396484375,0.0,0.0,6.826425552003376,121.8888523262967,1.992126702334616
/Users/chocoplot/Documents/codeLAB/signal_Recognition/python/Proyecto/datasets/Dataset_Final_3Clases_Train/03_GenfarAcetaminofen/00019_genfarACE_resized.JPEG,1.12060546875,0.0661468505859375,0.1128387451171875,114.74143981933594,0.1828765869140625,16.867087416464575,4.106467033055498,5.362942049144592,126.86003760884029,6.826425552003376
/Users/chocoplot/Documents/codeLAB/signal_Recognition/python/Proyecto/datasets/Dataset_Final_3Clases_Train/03_GenfarAcetaminofen/00021_genfarACE_resized.JPEG,5.9181976318359375,0.428009033203125,0.2178955078125,51.555633544921875,43.13941955566406,38.3942096273474,10.4383481324534,7.450897666715242,102.41437010369592,95.600954321046
/Users/chocoplot/Documents/codeLAB/signal_Recognition/python/Proyecto/datasets/Dataset_Final_3Clases_Train/03_GenfarAcetaminofen/00004_genfarACE_resized._aug0.JPEG,0.0,0.0,0.241241455078125,89.06867980957031,0.0428009033203125,0.0,0.0,7.8395391194427795,121.57007702728772,3.303391958177935
/Users/chocoplot/Documents/codeLAB/signal_Recognition/python/Proyecto/datasets/Dataset_Final_3Clases_Train/03_GenfarAcetaminofen/00020_genfarACE_resized._aug0.JPEG,2.5563812255859375,0.910491943359375,0.04669189453125,35.05393981933594,63.31031799316406,25.403584935081227,15.210077250879376,3.4502540446253858,87.80646876553594,110.16321856164734
/Users/chocoplot/Documents/codeLAB/signal_Recognition/python/Proyecto/datasets/Dataset_Final_3Clases_Train/03_GenfarAcetaminofen/00012_genfarACE_resized._aug1.JPEG,0.0,0.0,0.0311279296875,121.00982666015625,0.0116729736328125,0.0,0.0,2.817206616900129,127.33470716980025,1.7252454950104217
/Users/chocoplot/Documents/codeLAB/signal_Recognition/python/Proyecto/datasets/Dataset_Final_3Clases_Train/03_GenfarAcetaminofen/00010_genfarACE_resized.JPEG,1.0894775390625,0.0,0.0350189208984375,98.19694519042969,17.077560424804688,16.632192012865165,0.0,2.988076053965272,124.08698956307755,63.742723806426255
/Users/chocoplot/Documents/codeLAB/signal_Recognition/python/Proyecto/datasets/Dataset_Final_3Clases_Train/03_GenfarAcetaminofen/00007_genfarACE_resized._aug1.JPEG,0.0,0.0,0.0038909912109375,190.69747924804688,14.505615234375,0.0,0.0,0.9960861503788008,110.73539911289743,59.06368606375573
/Users/chocoplot/Documents/codeLAB/signal_Recognition/python/Proyecto/datasets/Dataset_Final_3Clases_Train/03_GenfarAcetaminofen/00006_genfarACE_resized._aug2.JPEG,0.0,0.0,0.0,194.96200561523438,15.637893676757812,0.0,0.0,0.0,108.19023892371291,61.181036023654094
/Users/chocoplot/Documents/codeLAB/signal_Recognition/python/Proyecto/datasets/Dataset_Final_3Clases_Train/03_GenfarAcetaminofen/00021_genfarACE_resized._aug3.JPEG,1.4202117919921875,0.023345947265625,0.1284027099609375,55.16258239746094,47.39616394042969,18.977276027499155,2.4398097301799266,5.720682108290387,104.99308555612542,99.19488620156527
/Users/chocoplot/Documents/codeLAB/signal_Recognition/python/Proyecto/datasets/Dataset_Final_3Clases_Train/03_GenfarAcetaminofen/00013_genfarACE_resized._aug2.JPEG,0.0583648681640625,0.0,2.5641632080078125,45.20942687988281,6.67694091796875,3.857412983334832,0.0,25.441829436671632,97.38845709611918,40.71901759694094
/Users/chocoplot/Documents/codeLAB/signal_Recognition/python/Proyecto/datasets/Dataset_Final_3Clases_Train/03_GenfarAcetaminofen/00003_genfarACE_resized._aug4.JPEG,0.0,0.007781982421875,0.3618621826171875,80.87425231933594,7.260589599609375,0.0,1.408667795588339,9.599162063856113,118.66882342561188,42.41148649324184
/Users/chocoplot/Documents/codeLAB/signal_Recognition/python/Proyecto/datasets/Dataset_Final_3Clases_Train/03_GenfarAcetaminofen/00005_genfarACE_resized._aug3.JPEG,0.0,0.0,0.0038909912109375,196.5728759765625,16.026992797851562,0.0,0.0,0.9960861503788008,107.1689684765437,61.88714458843422
/Users/chocoplot/Documents/codeLAB/signal_Recognition/python/Proyecto/datasets/Dataset_Final_3Clases_Train/03_GenfarAcetaminofen/00022_genfarACE_resized._aug2.JPEG,2.6186370849609375,0.1984405517578125,0.1206207275390625,111.22398376464844,1.8248748779296875,25.707881991371952,7.1107638159103725,5.544703433236884,126.45687524016466,21.49448593365218
/Users/chocoplot/Documents/codeLAB/signal_Recognition/python/Proyecto/datasets/Dataset_Final_3Clases_Train/03_GenfarAcetaminofen/00018_genfarACE_resized._aug4.JPEG,0.0,0.2295684814453125,0.2490234375,121.62071228027344,16.268234252929688,0.0,7.647696455853984,7.964858058375911,127.3643748302824,62.31969422894239
/Users/chocoplot/Documents/codeLAB/signal_Recognition/python/Proyecto/datasets/Dataset_Final_3Clases_Train/03_GenfarAcetaminofen/00001_genfarACE_resized._aug1.JPEG,0.0,0.0,0.7743072509765625,67.24800109863281,11.100997924804688,0.0,0.0,14.030281439803998,112.36523763330743,52.03385739976114
/Users/chocoplot/Documents/codeLAB/signal_Recognition/python/Proyecto/datasets/Dataset_Final_3Clases_Train/03_GenfarAcetaminofen/00014_genfarACE_resized._aug1.JPEG,1.673126220703125,0.101165771484375,0.7820892333984375,40.63751220703125,8.98040771484375,20.587565055850888,5.078093856477605,14.100393290529304,93.33358567212746,47.00378968296419
/Users/chocoplot/Documents/codeLAB/signal_Recognition/python/Proyecto/datasets/Dataset_Final_3Clases_Train/03_GenfarAcetaminofen/00002_genfarACE_resized._aug0.JPEG,0.0,0.0,0.459136962890625,58.108062744140625,6.9998931884765625,0.0,0.0,10.810602147263442,106.96265256564497,41.665024401906244
/Users/chocoplot/Documents/codeLAB/signal_Recognition/python/Proyecto/datasets/Dataset_Final_3Clases_Train/03_GenfarAcetaminofen/00019_genfarACE_resized._aug0.JPEG,0.01556396484375,0.0,0.0272369384765625,116.59744262695312,0.1828765869140625,1.992126702334616,0.0,2.635275594829858,127.0330045410539,6.826425552003376
/Users/chocoplot/Documents/codeLAB/signal_Recognition/python/Proyecto/datasets/Dataset_Final_3Clases_Train/03_GenfarAcetaminofen/00017_genfarACE_resized._aug0.JPEG,0.0,0.062255859375,0.101165771484375,112.42240905761719,18.824615478515625,0.0,3.9838885964091015,5.078093856477605,126.60535632971528,66.67766341967537
/Users/chocoplot/Documents/codeLAB/signal_Recognition/python/Proyecto/datasets/Dataset_Final_3Clases_Train/03_GenfarAcetaminofen/00016_genfarACE_resized._aug3.JPEG,1.0622406005859375,0.0,0.0,84.86640930175781,19.06585693359375,16.42385454319055,0.0,0.0,120.16083781405136,67.06926730965638
/Users/chocoplot/Documents/codeLAB/signal_Recognition/python/Proyecto/datasets/Dataset_Final_3Clases_Train/03_GenfarAcetaminofen/00018_genfarACE_resized._aug3.JPEG,0.0,0.0,0.0116729736328125,124.95529174804688,11.15936279296875,0.0,0.0,1.7252454950104217,127.47460319574422,52.1642227418557
/Users/chocoplot/Documents/codeLAB/signal_Recognition/python/Proyecto/datasets/Dataset_Final_3Clases_Train/03_GenfarAcetaminofen/00010_genfarACE_resized._aug4.JPEG,0.0,0.007781982421875,0.070037841796875,104.97116088867188,15.439453125,0.0,1.408667795588339,4.225487469975453,125.49383016027478,60.816805523440046
/Users/chocoplot/Documents/codeLAB/signal_Recognition/python/Proyecto/datasets/Dataset_Final_3Clases_Train/03_GenfarAcetaminofen/00011_genfarACE_resized.JPEG,0.9766387939453125,0.0,0.14007568359375,105.96336364746094,12.910308837890625,15.750843441613396,0.0,5.974920762593592,125.66790876997393,55.90574817827226
/Users/chocoplot/Documents/codeLAB/signal_Recognition/python/Proyecto/datasets/Dataset_Final_3Clases_Train/03_GenfarAcetaminofen/00005_genfarACE_resized._aug4.JPEG,0.0,0.0,0.0272369384765625,227.88368225097656,12.914199829101562,0.0,0.0,2.635275594829858,78.60894565973375,55.91372281645116
/Users/chocoplot/Documents/codeLAB/signal_Recognition/python/Proyecto/datasets/Dataset_Final_3Clases_Train/03_GenfarAcetaminofen/00003_genfarACE_resized._aug3.JPEG,0.0,0.0,0.35797119140625,68.85108947753906,6.248931884765625,0.0,0.0,9.547487126711244,113.21022610404226,39.42624101933627
/Users/chocoplot/Documents/codeLAB/signal_Recognition/python/Proyecto/datasets/Dataset_Final_3Clases_Train/03_GenfarAcetaminofen/00015_genfarACE_resized._aug2.JPEG,0.0272369384765625,0.0,0.1128387451171875,49.30274963378906,0.04669189453125,2.635275594829858,0.0,5.362942049144592,100.70471704525127,3.4502540446253858
/Users/chocoplot/Documents/codeLAB/signal_Recognition/python/Proyecto/datasets/Dataset_Final_3Clases_Train/03_GenfarAcetaminofen/00021_genfarACE_resized._aug4.JPEG,1.626434326171875,0.054473876953125,0.116729736328125,61.8511962890625,48.84361267089844,20.300134594540943,3.726643425359686,5.454581279285207,109.29997516615819,100.34651330432139
/Users/chocoplot/Documents/codeLAB/signal_Recognition/python/Proyecto/datasets/Dataset_Final_3Clases_Train/03_GenfarAcetaminofen/00020_genfarACE_resized.JPEG,7.960968017578125,2.6419830322265625,0.054473876953125,32.40806579589844,61.905670166015625,44.34715134826047,25.821030166807837,3.726643425359686,84.93393932535344,109.33267532458203
/Users/chocoplot/Documents/codeLAB/signal_Recognition/python/Proyecto/datasets/Dataset_Final_3Clases_Train/03_GenfarAcetaminofen/00013_genfarACE_resized._aug4.JPEG,0.1595306396484375,0.0,2.622528076171875,41.76979064941406,5.99212646484375,6.376116614787164,0.0,25.72677604974083,94.37468518996346,38.627537702583055
/Users/chocoplot/Documents/codeLAB/signal_Recognition/python/Proyecto/datasets/Dataset_Final_3Clases_Train/03_GenfarAcetaminofen/00012_genfarACE_resized.JPEG,2.2373199462890625,0.0,0.0505828857421875,110.79986572265625,0.101165771484375,23.78047488511632,0.0,3.591110863775693,126.40156452797049,5.078093856477605
/Users/chocoplot/Documents/codeLAB/signal_Recognition/python/Proyecto/datasets/Dataset_Final_3Clases_Train/03_GenfarAcetaminofen/00015_genfarACE_resized._aug3.JPEG,0.863800048828125,0.3696441650390625,0.1050567626953125,50.621795654296875,0.0817108154296875,14.816303922598793,9.701681569512242,5.174788649202658,101.71524810263362,4.563943610213882
/Users/chocoplot/Documents/codeLAB/signal_Recognition/python/Proyecto/datasets/Dataset_Final_3Clases_Train/03_GenfarAcetaminofen/00003_genfarACE_resized._aug2.JPEG,0.0,0.0038909912109375,0.35797119140625,67.83554077148438,4.692535400390625,0.0,0.9960861503788008,9.547487126711244,112.67831337470754,34.27209708517543
/Users/chocoplot/Documents/codeLAB/signal_Recognition/python/Proyecto/datasets/Dataset_Final_3Clases_Train/03_GenfarAcetaminofen/00022_genfarACE_resized._aug4.JPEG,3.5057830810546875,0.0505828857421875,0.07781982421875,116.26670837402344,1.9338226318359375,29.693167070178554,3.591110863775693,4.45398689386709,127.00418559734858,22.12205011174966
/Users/chocoplot/Documents/codeLAB/signal_Recognition/python/Proyecto/datasets/Dataset_Final_3Clases_Train/03_GenfarAcetaminofen/00018_genfarACE_resized._aug2.JPEG,0.0,0.0,0.023345947265625,126.24320983886719,9.957046508789062,0.0,0.0,2.4398097301799266,127.49380564753285,49.395385255740464
/Users/chocoplot/Documents/codeLAB/signal_Recognition/python/Proyecto/datasets/Dataset_Final_3Clases_Train/03_GenfarAcetaminofen/00016_genfarACE_resized._aug2.JPEG,0.9027099609375,0.0,0.10894775390625,81.6796875,25.583267211914062,15.145169354136874,0.0,5.269706598380268,118.98213715681167,76.61089725229623
/Users/chocoplot/Documents/codeLAB/signal_Recognition/python/Proyecto/datasets/Dataset_Final_3Clases_Train/03_GenfarAcetaminofen/00019_genfarACE_resized._aug1.JPEG,0.0,0.0,0.023345947265625,122.24716186523438,0.07781982421875,0.0,0.0,2.4398097301799266,127.39174891463713,4.45398689386709
/Users/chocoplot/Documents/codeLAB/signal_Recognition/python/Proyecto/datasets/Dataset_Final_3Clases_Train/03_GenfarAcetaminofen/00015_genfarACE_resized.JPEG,3.3929443359375,0.5641937255859375,0.1284027099609375,51.31439208984375,0.37353515625,29.217952262218724,11.981280627062514,5.720682108290387,102.23503874582303,9.752534866935637
/Users/chocoplot/Documents/codeLAB/signal_Recognition/python/Proyecto/datasets/Dataset_Final_3Clases_Train/03_GenfarAcetaminofen/00002_genfarACE_resized._aug1.JPEG,0.0,0.0,0.4630279541015625,75.74203491210938,6.8053436279296875,0.0,0.0,10.856230165652299,116.52194235405062,41.098052547874666
/Users/chocoplot/Documents/codeLAB/signal_Recognition/python/Proyecto/datasets/Dataset_Final_3Clases_Train/03_GenfarAcetaminofen/00014_genfarACE_resized._aug0.JPEG,0.0,0.0,0.9610748291015625,35.13954162597656,7.4823760986328125,0.0,0.0,15.625313327858928,87.89650578345127,43.035101406525996
/Users/chocoplot/Documents/codeLAB/signal_Recognition/python/Proyecto/datasets/Dataset_Final_3Clases_Train/03_GenfarAcetaminofen/00001_genfarACE_resized._aug0.JPEG,0.0,0.0,0.9649658203125,59.446563720703125,7.2956085205078125,0.0,0.0,15.656791661937516,107.81919963800362,42.510637128194
/Users/chocoplot/Documents/codeLAB/signal_Recognition/python/Proyecto/datasets/Dataset_Final_3Clases_Train/03_GenfarAcetaminofen/00007_genfarACE_resized.JPEG,0.2684783935546875,0.0,0.0116729736328125,185.70144653320312,11.785812377929688,8.269819206526803,0.0,1.7252454950104217,113.44091687500898,53.53948807155621
/Users/chocoplot/Documents/codeLAB/signal_Recognition/python/Proyecto/datasets/Dataset_Final_3Clases_Train/03_GenfarAcetaminofen/00002_genfarACE_resized._aug2.JPEG,0.0,0.0,0.412445068359375,67.86666870117188,7.6769256591796875,0.0,0.0,10.247115764800682,112.69479046612672,43.573855183059585
/Users/chocoplot/Documents/codeLAB/signal_Recognition/python/Proyecto/datasets/Dataset_Final_3Clases_Train/03_GenfarAcetaminofen/00014_genfarACE_resized._aug3.JPEG,0.0,0.0,0.9922027587890625,46.02653503417969,4.568023681640625,0.0,0.0,15.875365733634684,98.07305698540884,33.822761544000656
/Users/chocoplot/Documents/codeLAB/signal_Recognition/python/Proyecto/datasets/Dataset_Final_3Clases_Train/03_GenfarAcetaminofen/00001_genfarACE_resized._aug3.JPEG,0.0,0.0,0.7976531982421875,76.25175476074219,10.7391357421875,0.0,0.0,14.239568635569402,116.74702291663326,51.21670213679014
/Users/chocoplot/Documents/codeLAB/signal_Recognition/python/Proyecto/datasets/Dataset_Final_3Clases_Train/03_GenfarAcetaminofen/00007_genfarACE_resized._aug4.JPEG,0.0,0.0,0.007781982421875,225.5646514892578,14.95697021484375,0.0,0.0,1.408667795588339,81.4835819554492,59.9192493842958
/Users/chocoplot/Documents/codeLAB/signal_Recognition/python/Proyecto/datasets/Dataset_Final_3Clases_Train/03_GenfarAcetaminofen/00015_genfarACE_resized._aug0.JPEG,0.163421630859375,0.2529144287109375,0.0894927978515625,50.24436950683594,0.062255859375,6.453356432098563,8.026781024360817,4.776259466494794,101.42887930517472,3.9838885964091015
/Users/chocoplot/Documents/codeLAB/signal_Recognition/python/Proyecto/datasets/Dataset_Final_3Clases_Train/03_GenfarAcetaminofen/00003_genfarACE_resized._aug1.JPEG,0.0,0.0038909912109375,0.38909912109375,66.07681274414062,5.595245361328125,0.0,0.9960861503788008,9.953335006562892,111.72932501063288,37.35613465664252
/Users/chocoplot/Documents/codeLAB/signal_Recognition/python/Proyecto/datasets/Dataset_Final_3Clases_Train/03_GenfarAcetaminofen/00016_genfarACE_resized._aug1.JPEG,0.0,0.0,0.0,85.71853637695312,20.945205688476562,0.0,0.0,0.0,120.45978290498456,70.01661095218
/Users/chocoplot/Documents/codeLAB/signal_Recognition/python/Proyecto/datasets/Dataset_Final_3Clases_Train/03_GenfarAcetaminofen/00009_genfarACE_resized.JPEG,0.4630279541015625,0.0,0.0505828857421875,104.26689147949219,10.867538452148438,10.856230165652299,0.0,3.591110863775693,125.36535673173154,51.50843536052058
/Users/chocoplot/Documents/codeLAB/signal_Recognition/python/Proyecto/datasets/Dataset_Final_3Clases_Train/03_GenfarAcetaminofen/00018_genfarACE_resized._aug0.JPEG,0.0,0.0,0.1128387451171875,126.068115234375,9.458999633789062,0.0,0.0,5.362942049144592,127.49195937790732,48.19307245387235
/Users/chocoplot/Documents/codeLAB/signal_Recognition/python/Proyecto/datasets/Dataset_Final_3Clases_Train/03_GenfarAcetaminofen/00003_genfarACE_resized.JPEG,0.0,0.0,0.225677490234375,87.89360046386719,8.174972534179688,0.0,0.0,7.582666396470779,121.19233934446606,44.919793190543835
/Users/chocoplot/Documents/codeLAB/signal_Recognition/python/Proyecto/datasets/Dataset_Final_3Clases_Train/03_GenfarAcetaminofen/00003_genfarACE_resized._aug0.JPEG,0.0,0.0,0.3929901123046875,83.81195068359375,6.5096282958984375,0.0,0.0,10.00290144954583,119.78148582701442,40.21914910715218
/Users/chocoplot/Documents/codeLAB/signal_Recognition/python/Proyecto/datasets/Dataset_Final_3Clases_Train/03_GenfarAcetaminofen/00015_genfarACE_resized._aug1.JPEG,2.918243408203125,0.1673126220703125,0.1595306396484375,52.60231018066406,0.319061279296875,27.122609102043924,6.529680322529247,6.376116614787164,103.18229528231353,9.014367760456446
/Users/chocoplot/Documents/codeLAB/signal_Recognition/python/Proyecto/datasets/Dataset_Final_3Clases_Train/03_GenfarAcetaminofen/00001_genfarACE_resized._aug2.JPEG,0.0,0.0,0.9066009521484375,70.90553283691406,7.2566986083984375,0.0,0.0,15.177658498971939,114.25111065773666,42.400453658521975
/Users/chocoplot/Documents/codeLAB/signal_Recognition/python/Proyecto/datasets/Dataset_Final_3Clases_Train/03_GenfarAcetaminofen/00014_genfarACE_resized._aug2.JPEG,1.8871307373046875,0.04669189453125,0.82489013671875,37.92549133300781,9.248886108398438,21.855367203344244,3.4502540446253858,14.479866750962364,90.73399251144491,47.67519337554359
/Users/chocoplot/Documents/codeLAB/signal_Recognition/python/Proyecto/datasets/Dataset_Final_3Clases_Train/03_GenfarAcetaminofen/00020_genfarACE_resized._aug4.JPEG,2.0894622802734375,0.0194549560546875,0.054473876953125,36.520843505859375,61.32591247558594,22.987975744920238,2.2272483693181195,3.726643425359686,89.3254895514974,108.98275157249053
/Users/chocoplot/Documents/codeLAB/signal_Recognition/python/Proyecto/datasets/Dataset_Final_3Clases_Train/03_GenfarAcetaminofen/00004_genfarACE_resized.JPEG,0.0,0.0,0.10894775390625,89.32159423828125,0.0505828857421875,0.0,0.0,5.269706598380268,121.64974037577541,3.591110863775693
/Users/chocoplot/Documents/codeLAB/signal_Recognition/python/Proyecto/datasets/Dataset_Final_3Clases_Train/03_GenfarAcetaminofen/00004_genfarACE_resized._aug4.JPEG,0.0,0.0,0.3151702880859375,72.84713745117188,0.023345947265625,0.0,0.0,8.959301934382047,115.19251110735846,2.4398097301799266
/Users/chocoplot/Documents/codeLAB/signal_Recognition/python/Proyecto/datasets/Dataset_Final_3Clases_Train/03_GenfarAcetaminofen/00002_genfarACE_resized._aug3.JPEG,0.0,0.0,0.560302734375,62.497100830078125,6.8053436279296875,0.0,0.0,11.939985683051589,109.68533675703863,41.098052547874666
/Users/chocoplot/Documents/codeLAB/signal_Recognition/python/Proyecto/datasets/Dataset_Final_3Clases_Train/03_GenfarAcetaminofen/00017_genfarACE_resized._aug3.JPEG,0.0,0.0,0.07781982421875,115.39901733398438,12.478408813476562,0.0,0.0,4.45398689386709,126.92445083007762,55.01166749808875
/Users/chocoplot/Documents/codeLAB/signal_Recognition/python/Proyecto/datasets/Dataset_Final_3Clases_Train/03_GenfarAcetaminofen/00011_genfarACE_resized._aug4.JPEG,0.085601806640625,0.007781982421875,0.2451324462890625,103.70269775390625,13.937530517578125,4.671309562002848,1.408667795588339,7.9024479680341635,125.25948429483518,57.963915715331034
/Users/chocoplot/Documents/codeLAB/signal_Recognition/python/Proyecto/datasets/Dataset_Final_3Clases_Train/03_GenfarAcetaminofen/00008_genfarACE_resized._aug1.JPEG,0.0,0.0,0.0428009033203125,196.65069580078125,0.0116729736328125,0.0,0.0,3.303391958177935,107.11877179219249,1.7252454950104217
/Users/chocoplot/Documents/codeLAB/signal_Recognition/python/Proyecto/datasets/Dataset_Final_3Clases_Train/03_GenfarAcetaminofen/00006_genfarACE_resized._aug1.JPEG,0.0,0.0,0.0311279296875,195.60791015625,15.073699951171875,0.0,0.0,2.817206616900129,107.784797509427,60.13798348241209
/Users/chocoplot/Documents/codeLAB/signal_Recognition/python/Proyecto/datasets/Dataset_Final_3Clases_Train/03_GenfarAcetaminofen/00013_genfarACE_resized._aug1.JPEG,0.225677490234375,0.101165771484375,2.3229217529296875,51.789093017578125,6.887054443359375,7.582666396470779,5.078093856477605,24.22703204123106,102.58707795769925,41.33723943553614
/Users/chocoplot/Documents/codeLAB/signal_Recognition/python/Proyecto/datasets/Dataset_Final_3Clases_Train/03_GenfarAcetaminofen/00021_genfarACE_resized._aug0.JPEG,0.0,0.007781982421875,0.0583648681640625,61.45042419433594,50.38055419921875,0.0,1.408667795588339,3.857412983334832,109.05825753188905,101.53246317991287
/Users/chocoplot/Documents/codeLAB/signal_Recognition/python/Proyecto/datasets/Dataset_Final_3Clases_Train/03_GenfarAcetaminofen/00005_genfarACE_resized._aug0.JPEG,0.0,0.0,0.0,231.3116455078125,13.116531372070312,0.0,0.0,0.0,74.02291710653041,56.326477829200584
/Users/chocoplot/Documents/codeLAB/signal_Recognition/python/Proyecto/datasets/Dataset_Final_3Clases_Train/03_GenfarAcetaminofen/00005_genfarACE_resized.JPEG,0.0,0.0,0.007781982421875,187.81814575195312,11.544570922851562,0.0,0.0,1.408667795588339,112.32974358132462,53.01498342482433
/Users/chocoplot/Documents/codeLAB/signal_Recognition/python/Proyecto/datasets/Dataset_Final_3Clases_Train/03_GenfarAcetaminofen/00022_genfarACE_resized._aug1.JPEG,5.5718994140625,0.3852081298828125,0.0972747802734375,105.9283447265625,1.36962890625,37.279864370803544,9.903518961298017,4.9795187103624095,125.6619022964557,18.638119211790507
/Users/chocoplot/Documents/codeLAB/signal_Recognition/python/Proyecto/datasets/Dataset_Final_3Clases_Train/03_GenfarAcetaminofen/00017_genfarACE_resized._aug4.JPEG,0.0,0.0,0.1556396484375,115.16555786132812,12.32666015625,0.0,0.0,6.297927171014027,126.90197609622852,54.69325177054358
/Users/chocoplot/Documents/codeLAB/signal_Recognition/python/Proyecto/datasets/Dataset_Final_3Clases_Train/03_GenfarAcetaminofen/00002_genfarACE_resized._aug4.JPEG,0.0,0.0,0.4319000244140625,81.97540283203125,7.3423004150390625,0.0,0.0,10.485607688374435,119.09559627750377,42.64243462151614
/Users/chocoplot/Documents/codeLAB/signal_Recognition/python/Proyecto/datasets/Dataset_Final_3Clases_Train/03_GenfarAcetaminofen/00004_genfarACE_resized._aug3.JPEG,0.0,0.0,0.3073883056640625,79.38400268554688,0.0116729736328125,0.0,0.0,8.848137113193767,118.07243879261384,1.7252454950104217
/Users/chocoplot/Documents/codeLAB/signal_Recognition/python/Proyecto/datasets/Dataset_Final_3Clases_Train/03_GenfarAcetaminofen/00012_genfarACE_resized._aug2.JPEG,0.0,0.0,0.0272369384765625,122.62069702148438,0.0350189208984375,0.0,0.0,2.635275594829858,127.40660266424126,2.988076053965272
/Users/chocoplot/Documents/codeLAB/signal_Recognition/python/Proyecto/datasets/Dataset_Final_3Clases_Train/03_GenfarAcetaminofen/00020_genfarACE_resized._aug3.JPEG,0.6342315673828125,0.007781982421875,0.038909912109375,40.22895812988281,70.11566162109375,12.701448736327377,1.408667795588339,3.149684683683474,92.95168234574484,113.85643463948442
/Users/chocoplot/Documents/codeLAB/signal_Recognition/python/Proyecto/datasets/Dataset_Final_3Clases_Train/03_GenfarAcetaminofen/00002_genfarACE_resized.JPEG,0.0,0.0,0.2490234375,79.99099731445312,10.019302368164062,0.0,0.0,7.964858058375911,118.31798115174506,49.543270823969
/Users/chocoplot/Documents/codeLAB/signal_Recognition/python/Proyecto/datasets/Dataset_Final_3Clases_Train/03_GenfarAcetaminofen/00008_genfarACE_resized.JPEG,0.0,0.0,0.101165771484375,199.8918914794922,0.1050567626953125,0.0,0.0,5.078093856477605,104.95553367031881,5.174788649202658
/Users/chocoplot/Documents/codeLAB/signal_Recognition/python/Proyecto/datasets/Dataset_Final_3Clases_Train/03_GenfarAcetaminofen/00009_genfarACE_resized._aug3.JPEG,0.0,0.0,0.0272369384765625,115.80757141113281,13.225479125976562,0.0,0.0,2.635275594829858,126.96273907605428,56.54718276813074
/Users/chocoplot/Documents/codeLAB/signal_Recognition/python/Proyecto/datasets/Dataset_Final_3Clases_Train/03_GenfarAcetaminofen/00007_genfarACE_resized._aug3.JPEG,0.0,0.0,0.0038909912109375,188.20335388183594,15.318832397460938,0.0,0.0,0.9960861503788008,112.12204434229959,60.5940230990734
/Users/chocoplot/Documents/codeLAB/signal_Recognition/python/Proyecto/datasets/Dataset_Final_3Clases_Train/03_GenfarAcetaminofen/00001_genfarACE_resized._aug4.JPEG,0.0,0.0,1.1867523193359375,49.703521728515625,7.7858734130859375,0.0,0.0,17.355502308006383,101.01464234730754,43.87229074862989
/Users/chocoplot/Documents/codeLAB/signal_Recognition/python/Proyecto/datasets/Dataset_Final_3Clases_Train/03_GenfarAcetaminofen/00014_genfarACE_resized._aug4.JPEG,0.630340576171875,0.0894927978515625,1.1789703369140625,41.874847412109375,9.217758178710938,12.66252414338703,4.776259466494794,17.298770616947397,94.47001240764419,47.59791245138905
/Users/chocoplot/Documents/codeLAB/signal_Recognition/python/Proyecto/datasets/Dataset_Final_3Clases_Train/03_GenfarAcetaminofen/00020_genfarACE_resized._aug2.JPEG,2.8287506103515625,0.62255859375,0.0350189208984375,33.112335205078125,58.97575378417969,26.708230484704224,12.584310160020612,2.988076053965272,85.71591879319422,107.52059189082637
/Users/chocoplot/Documents/codeLAB/signal_Recognition/python/Proyecto/datasets/Dataset_Final_3Clases_Train/03_GenfarAcetaminofen/00004_genfarACE_resized._aug2.JPEG,0.0,0.0,0.241241455078125,92.51998901367188,0.0038909912109375,0.0,0.0,7.8395391194427795,122.60770298556434,0.9960861503788008
/Users/chocoplot/Documents/codeLAB/signal_Recognition/python/Proyecto/datasets/Dataset_Final_3Clases_Train/03_GenfarAcetaminofen/00001_genfarACE_resized.JPEG,0.0,0.0,0.6031036376953125,74.76150512695312,13.451156616210938,0.0,0.0,12.38659330140872,116.08144192128907,57.00097650759988
/Users/chocoplot/Documents/codeLAB/signal_Recognition/python/Proyecto/datasets/Dataset_Final_3Clases_Train/03_GenfarAcetaminofen/00022_genfarACE_resized._aug0.JPEG,0.2490234375,0.5291748046875,0.147857666015625,107.27462768554688,1.5602874755859375,7.964858058375911,11.604290121390298,6.138553815401864,125.88560010875649,19.885643295300852
/Users/chocoplot/Documents/codeLAB/signal_Recognition/python/Proyecto/datasets/Dataset_Final_3Clases_Train/03_GenfarAcetaminofen/00005_genfarACE_resized._aug1.JPEG,0.0,0.0,0.0311279296875,224.39346313476562,14.392776489257812,0.0,0.0,2.817206616900129,82.8728351255815,58.847310811038845
/Users/chocoplot/Documents/codeLAB/signal_Recognition/python/Proyecto/datasets/Dataset_Final_3Clases_Train/03_GenfarAcetaminofen/00013_genfarACE_resized._aug0.JPEG,0.085601806640625,0.0,2.19451904296875,51.15875244140625,6.7897796630859375,4.671309562002848,0.0,23.55390502925319,102.11887152332572,41.05231669727859
/Users/chocoplot/Documents/codeLAB/signal_Recognition/python/Proyecto/datasets/Dataset_Final_3Clases_Train/03_GenfarAcetaminofen/00021_genfarACE_resized._aug1.JPEG,0.0,0.0,0.1906585693359375,70.50086975097656,49.27162170410156,0.0,0.0,6.970049102452783,114.0497661148626,100.68053848283593
/Users/chocoplot/Documents/codeLAB/signal_Recognition/python/Proyecto/datasets/Dataset_Final_3Clases_Train/03_GenfarAcetaminofen/00006_genfarACE_resized.JPEG,0.0,0.0,0.0038909912109375,177.26966857910156,12.774124145507812,0.0,0.0,0.9960861503788008,117.3849653470426,55.62574412463753
/Users/chocoplot/Documents/codeLAB/signal_Recognition/python/Proyecto/datasets/Dataset_Final_3Clases_Train/03_GenfarAcetaminofen/00008_genfarACE_resized._aug0.JPEG,0.0,0.0038909912109375,0.038909912109375,211.99676513671875,0.038909912109375,0.0,0.9960861503788008,3.149684683683474,95.48060892888248,3.149684683683474
